Word,Count
i,3460
a,2482
the,2453
my,1973
i'm,1808
you,1638
me,1347
yeah,1237
on,1234
like,1066
it,1004
and,985
got,969
that,928
to,829
up,816
in,785
she,741
your,732
with,725
bitch,621
baby,559
so,556
don't,538
money,525
shit,507
no,478
this,472
for,464
do,452
what,436
get,418
some,401
all,400
be,389
know,385
just,380
need,354
but,344
fuck,337
ain't,324
of,313
bbno$,310
it's,296
is,295
her,286
now,282
out,275
boy,267
we,262
want,252
ayy,252
not,249
uh,248
big,243
if,234
go,228
too,227
gravy,226
think,214
huh,213
at,209
they,204
hit,203
back,202
one,202
can,199
make,198
tryna,197
i’m,193
wrist,189
how,187
come,187
check,186
skrrt,184
top,182
oh,181
girl,177
these,175
wanna,174
gotta,170
from,170
really,170
them,167
why,167
when,166
bad,165
love,162
nah,162
off,161
never,160
that's,153
drip,153
down,152
where,150
let,148
'em,148
bag,146
i'ma,143
who,141
],141
man,141
talk,138
might,137
okay,134
new,133
time,133
run,133
then,132
way,132
two,131
more,130
yuh,129
give,128
&,126
i'll,124
said,123
been,121
see,121
ass,119
skrr,116
have,115
move,115
take,115
about,115
rich,113
thot,112
ice,111
pull,110
are,109
say,107
gon',106
sorry,106
can't,104
tell,104
wait,101
an,101
only,101
pop,100
show,98
game,98
feeling,98
woah,96
call,96
much,94
yung,94
put,93
keep,90
'cause,90
flex,90
feel,88
dick,87
couple,87
watch,86
diamonds,86
gonna,86
was,85
yo,85
'bout,84
good,84
real,83
fuckin',83
little,82
cause,82
day,81
ooh,81
better,81
bet,81
spot,80
gold,79
damn,78
drop,78
myself,78
cash,77
always,77
ever,77
made,76
did,76
bank,74
low,74
had,74
every,73
kid,73
told,73
ay,71
gave,70
hot,70
god,69
runnin',69
whip,68
pew,68
racks,68
stop,68
hard,67
find,67
whippin',67
booty,66
don’t,66
ho,66
holetime,66
girls,65
cold,65
pipe,65
i've,64
bitches,63
quick,63
play,62
he,61
heard,61
[chorus:,60
lady,60
getting,60
broke,60
easy,59
three,58
next,58
right,57
life,57
what's,57
sussy,57
while,56
stay,56
lookin',56
nice,54
another,54
nerf,54
look,53
kinda,53
should,53
still,52
clean,52
brand,52
price,52
foreign,52
blue,52
as,52
quite,52
cheese,52
pills,52
here,51
touch,51
she's,51
grab,51
crazy,51
wussup,51
there,50
y'all,50
neck,50
smoke,50
mom,50
you're,50
gang,50
clique,50
coasting,50
gone,49
bit,49
whole,49
by,48
break,48
even,48
cop,48
super,48
sippin',48
own,47
sip,47
hey,47
dance,46
going,46
ya,46
mean,46
ex,46
name,45
green,45
beat,45
fit,44
please,44
will,44
mama,44
or,43
care,43
pay,43
mommy,43
it’s,43
3,43
would,42
la,42
lil',42
bro,42
cool,42
thick,42
straight,41
am,40
thing,40
enemies,40
mad,40
ten,40
lentra,40
white,40
thought,39
teeth,39
five,39
won't,39
after,39
well,39
thots,39
than,39
water,39
great,39
though,38
pussy,38
roll,38
rap,38
six,38
bought,38
bands,38
chance,38
hits,38
hmm,38
school,38
flexin',38
cup,38
fine,37
china,37
first,36
lot,36
hands,36
ha,36
boom,35
ladies,35
took,35
whoa,35
henny,35
chill,35
making,35
bih,35
work,35
fake,35
lean,35
guarantee,35
bang,34
leave,34
around,34
pink,34
last,34
double,34
hell,34
flexing,34
people,34
gucci,34
blow,33
done,33
finally,33
everything,33
mind,33
thottie,33
pick,33
non,33
gettin',33
course,33
swagu,33
un,32
long,32
fucking,32
goin',32
shows,32
piece,32
uh-huh,32
switch,32
feelin',32
tells,32
eat,31
many,31
paper,31
four,31
us,31
hello,31
sick,31
shining,31
doin',31
lick,31
head,31
stupid,31
through,31
'course,31
smokin',31
talkin',30
woo,30
team,30
doing,30
fast,30
nothing,30
yo',30
business,29
use,29
home,29
times,29
bread,29
math,29
glad,29
clout,29
sound,29
throw,29
ask,29
could,29
clip,29
[verse,28
wet,28
side,28
'til,28
car,28
night,28
icy,28
b,28
king,28
brain,28
hoes,28
everybody,28
stick,28
stack,28
trip,28
flow,28
things,28
tip,28
smoking,28
mmmyea,28
fucked,27
spend,27
year,27
bust,27
guy,27
sipping,27
tracks,27
true,27
playin',27
red,27
already,27
chain,27
hold,26
lit,26
room,26
bed,26
away,26
bout,26
used,26
crib,26
che,26
buy,26
his,26
eyes,26
over,26
imma,26
golden,26
pennies,26
once,25
sure,25
looking,25
wonder,25
hear,25
paid,25
makin',25
that’s,25
pass,25
best,25
dough,25
aye,25
bonkers,25
track,24
let's,24
numbers,24
guess,24
world,24
catch,24
place,24
door,24
finna,24
turn,24
bags,24
saiyan,24
today,24
ain’t,24
shashasha,24
netflix,24
crash,23
club,23
hoe,23
believe,23
slow,23
yes,23
gas,23
save,23
finish,23
grind,23
city,23
shinin',23
walk,23
trippy,23
bean,23
bars,23
skr,22
hope,22
left,22
forever,22
pour,22
fly,22
deal,22
shut,22
ride,22
mi,22
floor,22
bling,22
yeh,22
strong,22
hella,22
posted,22
strap,22
flag,22
‘em,22
try,21
song,21
ring,21
lap,21
sophisticated,21
yup,21
checks,21
bruh,21
seen,21
set,21
sweet,21
thinking,21
push,21
moves,20
close,20
rappers,20
stacking,20
running,20
shawty,20
dog,20
shine,20
eating,20
came,20
flip,20
minute,20
suck,20
rock,20
boys,20
clap,20
block,20
its,20
silly,20
wanted,20
shoes,20
drink,20
rule,20
pack,20
na,20
mo’,20
wrong,19
went,19
high,19
account,19
freak,19
drive,19
phone,19
diamond,19
balls,19
screw,19
called,19
nobody,19
skrrr,19
pain,19
boi,19
flexin,19
uni,19
uturbe,18
poppin',18
mirror,18
friends,18
didn't,18
allo,18
week,18
glow,18
until,18
single,18
live,18
grass,18
mia,18
eatin',18
cut,18
sing,18
class,18
honey,18
there's,18
luck,18
clothes,18
sauce,18
stain,18
body,17
step,17
milli',17
de,17
goddamn,17
tax,17
momma,17
open,17
send,17
house,17
any,17
o,17
baby's,17
train,17
bills,17
learn,17
i’ma,17
meat,17
playing,17
skrt,17
blues,17
max,17
blunt,17
cream,17
does,17
attention,17
dip,17
thoughts,17
kitchen,17
half,17
i’ll,17
dude,16
splash,16
twice,16
c'est,16
handle,16
shot,16
d,16
maybe,16
again,16
tired,16
both,16
e,16
fat,16
music,16
face,16
'round,16
friend,16
5,16
i'd,16
weed,16
mate,16
i'mma,16
sit,16
priority,16
woke,15
miss,15
sleep,15
lorenzo,15
turned,15
wear,15
flop,15
hundred,15
shop,15
heavy,15
tag,15
kiss,15
alright,15
lay,15
die,15
black,15
whoops,15
haha,15
tags,15
ball,15
butt,15
sayin',15
coke,15
girly,15
listen,15
heat,15
pants,15
g,15
workin',15
rollie,15
kick,15
dat,15
dope,15
dead,15
weight,15
bb,15
mei,15
ready,15
fool,15
benz,15
spent,14
working,14
1:,14
hair,14
rain,14
les,14
bbno,14
wow,14
rack,14
change,14
lil,14
talking,14
talkin’,14
chains,14
smell,14
fire,14
zeros,14
throwing,14
round,14
reason,14
di,14
wide,14
finesse,14
boss,14
thotties,14
lemme,14
cuff,14
extra,14
heart,14
wasn't,14
comin',14
tits,14
designer,14
into,14
rollin',14
lots,14
backwards,14
mayo,14
free,14
zoo,14
lyrical,14
what'd,14
cake,13
ah,13
fallin',13
au,13
[intro:,13
le,13
line,13
girl's,13
sun,13
text,13
type,13
toes,13
inside,13
eight,13
nut,13
chiama:,13
"""che",13
"uomo""",13
ma,13
taste,13
end,13
mans,13
mouth,13
johnny,13
split,13
bounce,13
crew,13
pretty,13
help,13
dollars,13
fold,13
remember,13
happy,13
our,13
bottle,13
till,13
born,13
along,13
deep,13
stacks,13
je,13
bib,13
chase,13
toy,13
yourself,13
plastic,13
singing,13
yea,13
forward,13
checkmate,13
hm,13
tool,13
proof,13
slick,12
blast,12
dms,12
moving,12
seven,12
uhh,12
tour,12
cap,12
shirt,12
facts,12
seems,12
droppin',12
tipa,12
na-na-na-na-na,12
speaking,12
labels,12
fifth,12
empty,12
enough,12
comes,12
weekend,12
mula-la-la-la,12
wah-wah-wah-wah-wah,12
gon,12
iced,12
rocks,12
'gon,12
admit,12
everyday,12
unfold,12
trust,12
spit,12
most,12
magic,12
same,12
greed,12
molly,12
basic,12
yah,12
xans,12
12345,12
withdrew,12
ploy,12
mooning,12
thirty,11
2:,11
ushme,11
found,11
dream,11
outta,11
coffee,11
fresh,11
cost,11
winning,11
chasing,11
sex,11
sheets,11
jack,11
sold,11
full,11
without,11
trouble,11
because,11
case,11
honest,11
tea,11
outside,11
stuck,11
gun,11
needs,11
è,11
wife,11
bouncin',11
flight,11
guala,11
old,11
payroll,11
piccolo,11
gon’,11
food,11
kids,11
boat,11
bubble,11
jello,11
coochie,11
loose,11
hurt,11
breaking,11
popped,11
she’s,11
chat,11
follow,11
met,11
special,11
floss,11
thinkin',11
foods,11
finessin',11
pool,11
mai,11
fan,11
building,11
spin,11
conversation,11
lose,11
park,11
job,11
canada,11
jai,11
juice,11
liquor,11
trying,11
vroom,11
queen,11
dem,11
bulletproof,11
savage,11
trap,11
pushin',11
goodness,10
brr,10
movie,10
rest,10
mr.,10
point,10
alone,10
tried,10
tous,10
serious,10
slip,10
race,10
bill,10
years,10
since,10
stand,10
coming,10
boobies,10
swag,10
bass,10
bone,10
boujee,10
average,10
dumb,10
can’t,10
patek,10
something,10
goofy,10
street,10
cheddar,10
wearing,10
ol',10
problem,10
probably,10
famous,10
rather,10
else,10
sock,10
i’ve,10
past,10
rapper,10
story,10
begrijp,10
watchin',10
niggas,10
nasty,10
married,10
bankroll,10
waist,10
bougie,10
funny,10
2,10
gassed,10
se,10
you’re,10
goat,10
makes,10
blunts,10
stride,10
coat,10
cupid,10
loki,10
litmas,10
jug,10
debt,10
i'on,10
booth,10
xanax,10
dry,9
bunch,9
christmas,9
не,9
beats,9
twenty,9
where's,9
future,9
were,9
comi-comico,9
nine,9
kill,9
hang,9
wake,9
cock,9
wah,9
late,9
kirkland,9
tonight,9
we're,9
lazy,9
score,9
slightly,9
fingers,9
triple,9
says,9
mhm,9
filled,9
proud,9
pogo,9
nothin',9
holy,9
sell,9
whatchu,9
mysterious,9
motorboat,9
start,9
spinnin',9
ridin',9
jewels,9
messed,9
comma,9
few,9
tesla,9
cling,9
chillin',9
ran,9
different,9
motion,9
stayin',9
dancin',9
glass,9
moss,9
voss,9
livin',9
beef,9
fun,9
ground,9
smash,9
store,9
words,9
using,9
pat,9
tomorrow,9
7,9
con,9
sai,9
chicken,9
ballet,9
swear,9
plenty,9
shits,9
grip,9
write,9
cuban,9
whipping,9
quit,9
living,9
brick,9
thrift,9
saving,9
scene,9
acting,9
pan,9
gracious,8
tito's,8
chick,8
laid,8
knew,8
zoom,8
meet,8
bucks,8
shh,8
peace,8
means,8
speak,8
smooth,8
hate,8
jours,8
convoqué,8
fifty,8
tu,8
son,8
town,8
goes,8
dinner,8
toe,8
hollow,8
shake,8
tee,8
sauna,8
seat,8
party,8
album,8
days,8
pow,8
sense,8
pocket,8
frozen,8
pot,8
front,8
girlfriend,8
fucks,8
sign,8
signed,8
al,8
young,8
copy,8
lotta,8
damage,8
leather,8
minutes,8
word,8
van,8
fee,8
songs,8
flows,8
k,8
mighty,8
cute,8
named,8
dummy,8
date,8
far,8
light,8
you'd,8
thank,8
yacht,8
taking,8
shots,8
anytime,8
clear,8
digits,8
lost,8
givin',8
flick,8
candy,8
30,8
key,8
matter,8
drip-drop,8
kate,8
bring,8
rubies,8
wish,8
buck,8
tough,8
blame,8
tape,8
plate,8
trippin',8
tofu,8
rules,8
bar,8
plus,8
wrapped,8
dovrei,8
da,8
groove,8
coupe,8
has,8
shorty,8
loud,8
blessed,8
jason,8
doubled,8
dentist,8
you'll,8
lavish,8
callin',8
hungry,8
–,8
rat,8
lip,8
goo,8
tower,8
telling,8
glock,8
mine,8
bando,8
joke,8
drugs,8
muffin,8
lake,8
fitness,8
mommy's,8
40,8
dripping,8
thang,8
asian,8
counterfeit,8
dig,8
babes,8
drive-by,8
beg,8
a-,8
confess,8
priorities,8
posers,8
groupies,8
pulled,7
pray,7
grow,7
beanie,7
froze,7
teach,7
saying,7
energy,7
killin',7
soon,7
passé,7
lyrics,7
deadman,7
businessman,7
grill,7
stress,7
started,7
relax,7
flying,7
motherfucker,7
dropped,7
thousand,7
10k,7
freaky,7
uh-uh,7
jumping,7
cars,7
statement,7
n,7
fact,7
guap,7
bottom,7
knees,7
thе,7
x,7
fill,7
fits,7
tua,7
te,7
per,7
spinners,7
cheap,7
knows,7
tellin',7
bang-bang,7
nuts,7
fifteen,7
trash,7
bus,7
tommy,7
pole,7
pope,7
balling,7
tight,7
situation,7
brazy,7
must,7
mona,7
wrists,7
options,7
lemonade,7
weak,7
rings,7
santa,7
lockjaw,7
4,7
arm,7
modest,7
attitude,7
growth,7
star,7
asked,7
ate,7
pockets,7
ease,7
delirious,7
history,7
c,7
bullet,7
falling,7
ik,7
plays,7
study,7
power,7
pressure,7
rude,7
bullshit,7
stuff,7
steak,7
calling,7
na-na-na-na,7
futon,7
politics,7
north,7
read,7
dire,7
lo,7
hahaha,7
fools,7
swervin',7
actin',7
să,7
bentley,7
soothing,7
post,7
ballin',7
pussies,7
anything,7
mary,7
mo',7
alexa,7
10,7
uninterested,7
pipin',7
fight,7
girlies,7
thin,7
goyard,7
billy,7
crusty,7
threw,7
snow,7
trunk,7
dong,7
coop,7
throat,7
brap,7
skip,7
yo-yo,7
olie,7
yellow,7
script,7
i’d,7
fall,7
chow,7
jugg,7
curvin',7
ye,7
grinding,7
‘cause,7
brass,7
skeet,7
nerfing,7
n****s,7
fair,6
weather,6
oops,6
paint,6
kalush,6
postin',6
those,6
treat,6
behind,6
felt,6
tout,6
lease,6
cheeks,6
paying,6
health,6
shooting,6
climb,6
consultation,6
slingshot,6
bomb,6
socks,6
buns,6
sesame,6
tequila,6
cougar,6
sweat,6
percent,6
sight,6
uber,6
vegan,6
healthy,6
global,6
confidence,6
bum,6
bright,6
safe,6
mon-,6
ditch,6
staying,6
whack,6
saw,6
credit,6
understand,6
dollar,6
cry,6
french,6
whatever,6
thirsty,6
40k,6
malena,6
prima,6
uomo,6
fabrics,6
collecting,6
honda,6
lesson,6
ego,6
classic,6
count,6
fufu,6
question,6
z,6
searching,6
clues,6
watching,6
act,6
sheesh,6
haven't,6
gimme,6
bih',6
spice,6
weeks,6
'less,6
sister,6
weird,6
naughty,6
12,6
fell,6
hanging,6
hunter,6
bow,6
dumper,6
oath,6
shoulda,6
sake,6
takin',6
before,6
favorite,6
he's,6
pho,6
mystery,6
grave,6
main,6
blessin',6
clock,6
hypocrite,6
saved,6
wonderin',6
geld,6
bespaard,6
scrape,6
alive,6
growing,6
sec,6
under,6
aggro,6
sneeze,6
homie,6
difficult,6
other,6
bite,6
groceries,6
drinkin',6
breakfast,6
passwords,6
brown,6
shoot,6
mil',6
europe,6
fees,6
quindi,6
supreme,6
bae,6
fur,6
lie,6
‘bout,6
mission,6
jump,6
girlie,6
holiday,6
trippythakid,6
drippin',6
grew,6
withdraw,6
"""lalalala",6
"lalala""",6
known,6
funds,6
together,6
tryna',6
their,6
lalalala,6
lalala,6
shoe,6
a-ring,6
spring,6
bossy,6
pouring,6
freeze,6
ones,6
lame,6
skate,6
nerfs,6
6,6
fans,6
guapanese,6
tick,6
dim,6
doubles,6
treble,6
lips,6
jurassic,6
lift,6
swerve,6
dab,6
ceo,6
chest,6
bandwidth,6
peter,6
sloppy,6
tech,6
sus,6
test,6
skrrrr,6
bluffin’,6
meant,6
sippity,6
semi-automatic,6
brrra,6
eiffeled,6
unibrow,6
liking,6
bitties,6
paw,6
gang-gang,6
seventy,6
franklin,6
n****,6
legs,5
less,5
backpack,5
everywhere,5
everytime,5
dirty,5
connor,5
win,5
keys,5
grant,5
rub,5
blew,5
dice,5
rip,5
ouais,5
paris,5
eh,5
studio,5
air,5
mile,5
cat,5
wealth,5
boo,5
pill,5
profit,5
drum,5
tips,5
wrap,5
raw,5
worth,5
style,5
swish,5
marijuana,5
click,5
gap,5
million,5
uzi,5
commas,5
label,5
somehow,5
crease,5
thumb,5
[pre-chorus:,5
berry,5
cali,5
bit',5
month,5
short,5
po',5
ti,5
faccia,5
perché,5
sempre,5
dimmi,5
quello,5
small,5
middle,5
wifey,5
fancy,5
vids,5
forty,5
apple,5
stackin',5
scooby,5
shitty,5
sleepin',5
countin',5
mail,5
letters,5
peso,5
shootin',5
zones,5
nigga,5
zero,5
dash,5
yesterday,5
sounds,5
yours,5
yoga,5
romance,5
hand,5
stole,5
least,5
chilling,5
sunny,5
bumpin',5
here's,5
rate,5
recipe,5
lately,5
f,5
rotisserie,5
dad,5
rhyme,5
clown,5
honestly,5
barely,5
op,5
een,5
bent,5
ben,5
records,5
wifi,5
search,5
hour,5
balenciaga,5
fish,5
mumble,5
changed,5
gouda,5
y,5
wrote,5
runnin,5
kind,5
wallet,5
freaks,5
somethin',5
um,5
1,5
cups,5
mercedes,5
breath,5
dm's,5
dimes,5
mente,5
'sto,5
vali,5
niente,5
qualcuno,5
vale,5
tha,5
stash,5
pe,5
cu,5
"""baby",5
laugh,5
thanks,5
killed,5
none,5
verse,5
ways,5
rode,5
caught,5
bananas,5
rhymes,5
piss,5
'boutta,5
soup,5
daily,5
built,5
cartier,5
investments,5
banks,5
crime,5
burn,5
fully,5
degree,5
depp,5
copped,5
brought,5
careful,5
card,5
lock,5
blacked,5
licks,5
quotient,5
constantly,5
toys,5
ikea,5
grabbin',5
crack,5
runnin’,5
fling,5
hop,5
blowing,5
lamb,5
bandage,5
glance,5
manage,5
hustle,5
24/7,5
voice,5
wit',5
hill,5
asses,5
blizzard,5
tock,5
tater,5
drippity,5
waddle,5
putting,5
popping,5
nerve,5
truck,5
wassup,5
copper,5
cavity,5
spray,5
finer,5
ya',5
tony,5
crop,5
twerk,5
swiffer,5
mentally,5
cabbage,5
sandals,5
'dro,5
perky,5
akuma,5
beefin',5
lotion,5
family,5
table,5
form,5
bingo,5
pump,5
trick,5
texas,4
beside,4
wages,4
add,4
knock,4
yay,4
plane,4
distance,4
jeans,4
say-,4
brush,4
honeys,4
hunnid,4
genie,4
topanga,4
supposed,4
soundin',4
wishin',4
photo,4
stocks,4
dreams,4
amount,4
feels,4
we'd,4
va,4
j'suis,4
à,4
sont,4
du,4
j'en,4
miles,4
manners,4
steez,4
swiss,4
l,4
rapping,4
buddy,4
vasectomy,4
elon,4
musk,4
lee,4
eighties,4
primadonna,4
tijuana,4
blood,4
bad-ass,4
horny,4
mezcal,4
tasty,4
borders,4
embassy,4
turkey,4
rent,4
pro,4
cheat,4
gin,4
kung,4
fu,4
suit,4
france,4
tub,4
cologne,4
zone,4
pimp,4
fries,4
fa-na-na-na,4
mercy,4
daddy,4
independent,4
distratta,4
tiktok,4
fa,4
il,4
mando,4
swift,4
arena,4
sonic,4
games,4
tweak,4
flowing,4
dragon,4
flame,4
book,4
wants,4
mouse,4
record,4
lewis,4
bahamas,4
ear,4
fame,4
eenie,4
meenie,4
boobs,4
hydro,4
hawaii,4
five-0,4
li'l,4
hump,4
tooth,4
large,4
winnin',4
mood,4
backseat,4
which,4
loan,4
couldn't,4
skrrrrrr,4
list,4
wavy,4
speed,4
stones,4
tummy,4
greedy,4
pays,4
lisa,4
bother,4
walkin',4
net,4
soul,4
101,4
missing,4
mid,4
tit,4
faucet,4
duh,4
rebecca,4
before-fore,4
tricks,4
passed,4
swinging,4
stopped,4
bringing,4
older,4
pea,4
edamame,4
beach,4
teletubbies,4
vvs,4
bringin',4
roof,4
3:,4
thickness,4
spinach,4
losing,4
speedin',4
bankin',4
xan,4
everyone,4
costin',4
hittin',4
mother,4
chef,4
pourin',4
lipstick,4
anymore,4
third,4
obsessed,4
also,4
als,4
stoney,4
jeep,4
creep,4
sussyboy,4
drawers,4
puttin',4
addin',4
zeroes,4
scottie,4
pippen,4
harder,4
west,4
scrap,4
higher,4
pin,4
pape',4
spliff,4
levitate,4
brace,4
base,4
dishes,4
go-to,4
smart,4
sugar,4
astrology,4
feature,4
yahoo,4
doesn't,4
pic,4
decent,4
drills,4
slid,4
stake,4
cannot,4
we'll,4
[post-chorus:,4
feta,4
tank,4
getter,4
crossin',4
ow,4
ruby,4
veramente,4
staccare,4
andare,4
offline,4
sei,4
dei,4
miei,4
"""so",4
"tutto""",4
poi,4
cazzo,4
fra',4
'sta,4
gente,4
sente:,4
"""frate'",4
appiccia,4
"blunt""",4
vengon,4
coliche,4
nope,4
prove,4
bombay,4
în,4
mă,4
mi-o,4
eu,4
"""what",4
scotty,4
beam,4
moon,4
bum-ass,4
present,4
smooch,4
bub,4
caboose,4
rope,4
dazzle,4
police,4
thangs,4
dismissed,4
ándale,4
wall,4
drippy,4
lord,4
lanes,4
later,4
rare,4
lag,4
i'm-,4
anaconda,4
stuntin',4
sandwich,4
selling,4
downfall,4
scream,4
flames,4
cover,4
chop,4
straps,4
fabled,4
ok,4
20,4
clever,4
dodge,4
sendin',4
model,4
guinness,4
vsop,4
slide,4
ba-ba-ba-bag,4
notion,4
nǐ,4
toss,4
trenchcoat,4
pad,4
saucy,4
dropping,4
haters,4
blind,4
cast,4
riding,4
muzzle,4
stucco,4
cough,4
blinding,4
such,4
cops,4
lane,4
millies,4
finger,4
em,4
self,4
asking,4
leash,4
hype,4
wack,4
stunt,4
harry,4
potter,4
ariana,4
thankful,4
strip,4
wax,4
milk,4
daughter,4
laps,4
pie,4
dabble,4
phony,4
cozy,4
kobe,4
outfit,4
sticky,4
poser,4
asshole,4
dudes,4
finessing,4
wave,4
gay,4
candle,4
don,4
wanting,4
tease,4
vert,4
flourish,4
juggin',4
ill,4
showing,4
21,4
looks,4
bb's,4
months,4
fuckin’,4
mop,4
toothbrush,4
bossing,4
devil,4
splits,4
house-made,4
hood,4
dirt,4
dingles,4
fidget,4
summer,4
doinks,4
steady,4
smokin’,4
w-w-what,4
yum,4
strange,4
dunno,4
gaa,4
muscles,4
swole,4
sushi,4
thinks,4
coastin',4
ocean,4
smoother,4
bottles,4
dunkaroos,4
m-,4
wonkybish,4
glob,4
coo-coo-coo-coo-cool,4
fret,4
routes,4
clue,4
overseas,4
must've,4
thakid,4
boyardee,4
brakes,4
tires,4
buying,4
what’s,4
thugs,4
sippin,3
tweaking,3
worldwide,3
domino,3
dominos,3
squares,3
underwear,3
gatorade,3
bell,3
skinny,3
[приспів:,3
they're,3
soda,3
thrice,3
toque,3
feeney,3
circle,3
beast,3
laptop,3
tongue,3
tens,3
drinks,3
snippet,3
offer,3
si,3
[refrain:,3
pound,3
50,3
share,3
travertine,3
tiles,3
calculated,3
dialed,3
sued,3
settle,3
dominican,3
galore,3
skin,3
m.o,3
dining,3
property,3
scared,3
thrill,3
pulling,3
'till,3
opinions,3
standing,3
morning,3
hi,3
level,3
fashion,3
prada,3
print,3
meryl,3
streep,3
jordan,3
na-na,3
bo,3
doctor,3
c's,3
busy,3
benjies,3
headshot,3
gosh,3
closed,3
opposite,3
part,3
hundreds,3
mass,3
peacoat,3
mix,3
country,3
awesome,3
may,3
itself,3
london,3
underpants,3
tan,3
patio,3
tic-tac-toe,3
caked,3
gâteau,3
perfume,3
patron,3
horse,3
bossed,3
curvy,3
controversy,3
cure,3
scurvy,3
eddie,3
murphy,3
downton,3
abbey,3
slappers,3
mе,3
tie,3
seconda,3
terza,3
soddisfatta,3
pazza,3
mica,3
tutti,3
una,3
tv,3
faccio,3
bros,3
007,3
expensive,3
cavalry,3
escalated,3
marinated,3
imitated,3
stays,3
window,3
shopping,3
puerto,3
rico,3
mojo,3
soho,3
depot,3
oh-oh-oh-oh,3
above,3
pistachio,3
crying,3
tutu,3
bravo,3
gatekeeper,3
ted,3
cage,3
feet,3
skr-skr,3
resume,3
plug,3
truth,3
the-,3
curious,3
furious,3
sins,3
spouse,3
mickey,3
chew,3
tryin',3
gluten-free,3
fuck's,3
tiny,3
acid,3
shout,3
booby,3
who's,3
manager's,3
mathlete,3
esso,3
echo,3
mmm,3
fist,3
daisy,3
nudies,3
banker,3
grown,3
hook,3
lone,3
b-bitch,3
"""baby-baby",3
"wife""",3
’cause,3
sexy,3
mummy,3
why'd,3
cha-cha,3
shitcoins,3
annoying,3
stressed,3
snake,3
dynamite,3
entire,3
lifting,3
weights,3
important,3
spell,3
u-c-i-p,3
pissening,3
g-o-a-t,3
flowers,3
brainless,3
chronic,3
mid-sized,3
ruckus,3
problems,3
texting,3
sofa,3
leftovers,3
fance,3
psh,3
lucky,3
hips,3
[outro:,3
feelings,3
hurts,3
shell,3
leaving,3
clang,3
guallla,3
goofies,3
all-star,3
glitters,3
stars,3
mask,3
cropped,3
choose,3
major,3
brian,3
swanging,3
cling-clang,3
cherry,3
mama's,3
number,3
near,3
plan,3
9,3
land,3
hottie,3
picture,3
cinematic,3
roundhouse,3
flea,3
lady's,3
respect,3
downtime,3
sippin’,3
sweeter,3
jock,3
aggressive,3
dressin',3
clone,3
disowned,3
hazard,3
tad,3
snipped,3
rappin',3
slides,3
herself,3
pieces,3
streak,3
frick,3
vitamin,3
lijpe,3
wijf,3
het,3
dime,3
reload,3
seasoned,3
gettin,3
mahogany,3
harmony,3
wastin',3
movin',3
purse,3
polo,3
lv,3
addict,3
east,3
cocky,3
whatcha,3
hunt,3
munch,3
war,3
pissed,3
textbook,3
'spensive,3
cocaine,3
pup,3
overstep,3
leg,3
bumped,3
hours,3
bud,3
kept,3
iceberg,3
mane,3
lobotomy,3
liter,3
eliter,3
cautious,3
fever,3
joy,3
"hit""",3
contemplating,3
seem,3
toothpick,3
coupon,3
header,3
soft,3
guangzhou,3
lands,3
stalk,3
reflect,3
sunshine,3
hoarder,3
ferment,3
border,3
cashed,3
fellow,3
dinero,3
robert,3
growin',3
appetizer,3
lead,3
hero,3
due,3
su,3
usually,3
bridge,3
woman,3
wiz,3
khalifa,3
automatic,3
slice,3
sandy,3
teller,3
snippy-snip-snip,3
nu,3
mult,3
că,3
ca,3
coaie,3
pizda,3
ta,3
când,3
pizdă,3
ei,3
fi,3
pistol,3
constant,3
ia,3
și,3
"do""",3
how'd,3
flyin',3
officer,3
askin',3
bitty,3
hoop,3
crayon,3
vibes,3
three-three-seven,3
elite-'lite-'lite-'lite,3
chris,3
limp,3
very,3
nah-nah,3
monster,3
second,3
bay,3
specs,3
woody,3
beaver,3
pony,3
ms,3
season,3
evenin',3
cookin',3
threes,3
covered,3
nurse,3
bubblegum-gum,3
rum-pum-pum-pum,3
nah-nah-nah-nah,3
rah-tah-tah-tah,3
courvoisier,3
yoko,3
ono,3
pizza,3
pesos,3
mixed,3
clapping,3
baddie,3
chasin',3
doubt,3
gift,3
hip,3
slack,3
lack,3
sad,3
ship,3
reckless,3
space,3
state,3
snip,3
tick-tick-tick-tick-tick,3
r.i.p.,3
promise,3
longer,3
close-up,3
trauma,3
hook-up,3
dive,3
"""i",3
contemplation,3
frustration,3
lucy,3
everything's,3
glue,3
sue,3
salty,3
"""yo",3
forget,3
gown,3
texts,3
"""nope""",3
chuck,3
testa,3
namin',3
vanessa,3
faster,3
brrt,3
bop,3
michael,3
bigger,3
buffet,3
lumps,3
bape,3
bermuda,3
squad,3
cut-throat,3
thotty,3
spidey,3
a-spring,3
a-sing,3
clingy,3
stew,3
bruising,3
mommie,3
rubber,3
band,3
fiat,3
keen,3
coolest,3
rolling,3
sour,3
coach,3
toast,3
sending,3
moody,3
fishy,3
skrrting,3
broads,3
finest,3
k',3
cutthroat,3
duffle,3
z-zoinks,3
scoob,3
bunk,3
skunk,3
mediate,3
bod,3
p,3
it;,3
fee-fi-fo-fum,3
bumps,3
jill,3
surely,3
glasses,3
effect,3
ding,3
coast,3
payback,3
china's,3
massive,3
d's,3
rocket,3
hitta,3
sevens,3
litness,3
quiche,3
'd',3
umm...,3
balance,3
age,3
locked,3
tree,3
founday,3
convey,3
cleaner,3
visor,3
hatin',3
secrets,3
goin’,3
menopause,3
pov,3
bare,3
necessity,3
totter,3
occupied,3
moment,3
pip,3
tattoo,3
prancing,3
hounds,3
snack,3
noise,3
iguana,3
herb,3
'n',3
pros,3
cons,3
bouncing,3
hassle,3
fruity,3
shortstop,3
goalie,3
ravioli,3
phones,3
alimony,3
nosey,3
fragile,3
stink,3
mints,3
drinking,3
refreshments,3
whats,3
occur,3
weatherman,3
amputee,3
loving,3
freezing,3
sore,3
boutta,3
flew,3
whoo,3
namaste,3
dismiss,3
faded,3
lance,3
liver,3
tiffany,3
extinct,3
ivory,3
irony,3
bizarre,3
goretex,3
toughen,3
banking,3
stressing,3
quidditch,3
woulda,3
coulda,3
cooties,3
1970,3
ludie,3
sinus,3
pneumonia,3
boner,3
leashed,3
loner,3
donor,3
500,3
learned,3
piped,3
stealing,3
paddle,3
passing,3
applebee,3
grabbing,3
too-,3
festi,3
performance,3
bambi,3
jus',3
topping,3
melt,3
"""yeah",3
slowly,3
knack,3
baby’s,3
lilo,3
stitch,3
glisten,3
rice,3
snitch,3
slept,3
crowd,3
hunny,3
soaking,3
lifestyle,3
that'll,3
rocco,3
2pac,3
biggie,3
tonne,3
teacher,3
beggin',3
rollin’,3
whippin’,3
ho-,3
certified,3
wolf,3
blinged,3
corduroys,3
squirtin',3
curtains,3
lurkin',3
man's,3
vandal,3
bitchin',3
stussy,3
standin',3
corner,3
midget,3
skillet,3
dave,3
[,3
draw,3
sat,3
fo',3
sho,3
pirate,3
searchin',3
dom,3
drank,3
grammas,3
radish,3
reef,3
coochi,3
kush,3
swishy,3
susses,3
robitussin,3
buzzing,3
coffin,3
hole,3
won’t,3
"""namaste""",3
banana,3
spiff,3
garbage,3
roller,3
clips,3
prude,3
skrrtin',3
wachu,3
all-,3
li-li-like,3
smashing,3
pickin,3
kitten,3
'cus,3
ugly,3
texaco,3
recite,3
hitting,3
baser,3
mousetrap,3
catchin,3
zzz's,3
munchin',3
steaks,3
"money""",3
crawlin',3
torso,3
blastin',3
trapping,3
sis,3
meltin',3
idle,3
expo,3
tho,3
votes,3
campaign,3
mix-tape,3
packed,3
threat,3
paycheck,3
long-range,3
begging,3
equity,3
ferrari,3
whippity,3
mistake,3
thi-,3
blade,3
ciroc,3
she'd,2
vamonos,2
honor,2
questionnaire,2
millionaire,2
prayer,2
hurricane,2
yippee,2
waves,2
groovy,2
stage,2
би,2
з,2
щоби,2
я,2
де,2
це,2
доведе,2
як,2
knockin',2
doors,2
wishes,2
looked,2
beans,2
kissin',2
checking,2
grounds,2
brushing,2
control,2
nеver,2
habits,2
cliché,2
pokémon,2
charizard,2
gros,2
ça,2
ou,2
quoi,2
là,2
avec,2
des,2
meufs,2
j'allais,2
en,2
rouler,2
putain,2
d'xxl,2
hésite,2
pas,2
passer,2
veux,2
faire,2
bête,2
né,2
niquer,2
enfermé,2
dans,2
l'idée,2
ces,2
fils,2
pute,2
fascinés,2
c'que,2
j'veux,2
donne,2
j'ai,2
juste,2
demander,2
elle,2
veut,2
resservir,2
verre,2
mais,2
déjà,2
bien,2
imbibé,2
boisson,2
diable,2
et,2
multivitaminé,2
cascadeurs,2
os,2
abimés,2
fume,2
p'tit,2
roule,2
autre,2
devant,2
dessins,2
animés,2
oui,2
vie,2
nous,2
sourit,2
l'équipe,2
est,2
multi-platinée,2
[pré-refrain:,2
brand-new,2
dare,2
ferris,2
dogs,2
gods,2
wherever,2
comicomico,2
lax,2
fillet,2
lives,2
justin,2
legendary,2
tear,2
shimmy,2
impeccable,2
tucked,2
assassin,2
post-nut,2
clarity,2
stunts,2
brucey,2
burr,2
cross,2
three's,2
taxes,2
ridiculous,2
da-da-na-na-na,2
sips,2
feisty,2
greasy,2
libido,2
heist,2
rob,2
culture,2
rick,2
rewind,2
uncut,2
gems,2
adam,2
sandler,2
thigh,2
lilac,2
buyback,2
payment,2
wholе,2
metropolis,2
serial,2
monogamist,2
shе,2
gobble,2
appointment,2
gynecologist,2
continents,2
half-full,2
optimist,2
toxicologist,2
roundabout,2
"""bag",2
"die""",2
paramount,2
prints,2
itchy,2
nosebleeds,2
rosie,2
shame,2
psycho,2
meh,2
jeff,2
radio,2
darn,2
money's,2
ching-ching,2
rugby,2
chemistry,2
option,2
sixty-three,2
mill',2
pharrell,2
milf,2
thrilled,2
brazil,2
[chrous:,2
puffin',2
unleaded,2
goodwill,2
cancer,2
answer,2
cow,2
whenever,2
college,2
lines,2
teacup,2
consider,2
pugliese,2
trend,2
vuole,2
donna,2
vuoi,2
fai,2
foto,2
vai,2
quanto,2
sto,2
stephen,2
hawking,2
vedo,2
mario,2
steve,2
bezos,2
sixteen,2
flights,2
language,2
k's,2
parents,2
failing,2
tiffany's,2
rewatching,2
"""breakfast",2
"tiffany's""",2
similes,2
epiphanies,2
symphony,2
tonic,2
dusty,2
sweep,2
shelf,2
practice,2
masturbate,2
slap,2
stu',2
peak,2
giving,2
chief,2
flippy,2
box,2
japan,2
discount,2
vacay,2
maxx,2
attack,2
monеy,2
tomb,2
spoon,2
fourty,2
curved,2
sail,2
austin,2
horton,2
court,2
dark,2
shimmy-yay,2
grippin',2
educational,2
keto,2
[interlude:,2
crispy,2
bobby,2
wow-wow-wow-wow-wow,2
o',2
crypto,2
porch,2
couch,2
poo,2
miny,2
cum,2
3d,2
snacks,2
swallow,2
adding,2
parmesan,2
yeast,2
stretch,2
moncler,2
cheques,2
ago,2
brdd,2
fourteen,2
bestie,2
trisha,2
ex-girl,2
ching,2
pearls,2
'rage,2
how's,2
milli,2
dwilly,2
mice,2
three-point,2
rates,2
flavor,2
obvious,2
pounds,2
choosy,2
obama,2
wipe,2
hah,2
road,2
barbie,2
ken,2
bender,2
fo,2
hong,2
kong,2
oh-oh-oh,2
secret,2
ha-ha,2
lust,2
surprised,2
cards,2
dealt,2
roses,2
kidney,2
stock,2
arenas,2
pac,2
warned,2
listened,2
strangest,2
addiction,2
mold,2
im,2
mamma,2
somebody,2
hoppin’,2
function,2
cvs,2
moisturizer,2
drying,2
basing,2
renovate,2
erase,2
dyin',2
sent,2
pics,2
smiley,2
eye,2
fix,2
"baby""",2
crystal,2
mack,2
appetite,2
exactly,2
"""gravy",2
range,2
rover,2
hopin',2
turnt,2
taper,2
fakers,2
martha,2
baker,2
amateur,2
sew,2
stable,2
uk,2
marmite,2
polite,2
fallen,2
won,2
david,2
letterman,2
homicide,2
pesticide,2
oregano,2
oatmeal,2
finnesin',2
reflective,2
caressin',2
actually,2
wap,2
tic,2
tac,2
ab—,2
reasons,2
signs,2
kirby,2
mess,2
donnie,2
ouwe,2
allright,2
ibiza,2
mijn,2
zei:,2
niet,2
kan,2
gaat,2
om,2
flash,2
reis,2
ze,2
wilt,2
spullen,2
hele,2
lijst,2
deze,2
uit,2
parijs,2
dutch,2
lyin',2
papa,2
fellas,2
deliver,2
twitter,2
g's,2
folk,2
stripes,2
flossin',2
whites,2
misty,2
bored,2
cities,2
merch,2
yet,2
coward,2
presidents,2
claimed,2
residence,2
evident,2
standard,2
showed,2
reflecting,2
44,2
marco,2
duffel,2
sticks,2
static,2
ditched,2
speakin',2
inhale,2
exhale,2
freezie,2
raise,2
repeat,2
gum,2
career,2
steal,2
risk,2
sale,2
pitch,2
murder,2
timmy,2
lunch,2
motherfuckers,2
drunk,2
sketchers,2
wheels,2
physics,2
burnt,2
influence,2
bein',2
sober,2
buds,2
fiend,2
decided,2
wins,2
cheapskate,2
shiny,2
grin,2
cape,2
crêpes,2
din',2
gimmicks,2
isn't,2
plaque,2
pace,2
drama,2
island,2
dreamin',2
"""fuck",2
geico,2
froyo,2
granola,2
layin',2
counter,2
aisle,2
poor,2
salad,2
doritos,2
touchin',2
butts,2
nemo,2
4:,2
lactose,2
gmo,2
maid,2
produce,2
message,2
wheat,2
lentra—,2
novice,2
iron,2
playboy,2
philanthropist,2
psychotherapist,2
canoe,2
person,2
a&r,2
gmail,2
texted,2
"""this",2
rugrats,2
tenth,2
pee-pee-pee-pee,2
poo-poo-poo-poo-poo,2
orthodontist,2
savin',2
sanity’s,2
la-la-la-la,2
laced,2
tempt,2
boomstick,2
'crusted,2
crumble,2
directly,2
glowin',2
fertilizer,2
divide,2
cheerios,2
mucho,2
fare,2
ce,2
ne,2
alle,2
tuo,2
cuore,2
detto,2
ci,2
"""no""",2
oppure,2
youtube,2
andavo,2
scuola,2
sono,2
re,2
on-on,2
wro-wrong,2
blocked,2
wouldn't,2
brother,2
wings,2
slim,2
yeah-yeah,2
bae'll,2
trace,2
rolled,2
partyin',2
dă,2
decât,2
capo,2
suge,2
toți,2
iei,2
papi,2
dacă,2
ar,2
instant,2
fac,2
niște,2
tăi,2
vezi,2
prr,2
bătaia,2
'way,2
questions,2
nudes,2
orange,2
writin',2
contraband,2
feat,2
sweatin',2
itty,2
sometimes,2
a+,2
chess,2
groupon,2
badass,2
babysit,2
posh,2
tokyo,2
sword,2
watched,2
v,2
whips,2
scout,2
me-me-me,2
me-me-me-me,2
y2k,2
[verse:,2
prance,2
forgot,2
slippin',2
numb,2
hazy,2
bitch's,2
bong,2
spazz,2
safely,2
phonies,2
pullin',2
chip,2
diva,2
freezer,2
thinkin’,2
freezin',2
seasonin’,2
min,2
"in""",2
seasonin',2
becky,2
piggy,2
jazz,2
pint,2
tug,2
bop-it,2
nature,2
cuco,2
que,2
pepperoni,2
fendi,2
mac,2
dripped,2
thicky,2
streets,2
release,2
m3,2
poke,2
photos,2
route,2
fridge,2
twelve,2
dot,2
drawn,2
crass,2
boop,2
nyoom,2
nasa,2
cha-ching,2
boinks,2
jimmy,2
neutron,2
lyft,2
beep,2
ceiling,2
goddess,2
tickin',2
direction,2
impressed,2
interested,2
pair,2
judge,2
rep,2
oh-oh,2
lightly,2
boba,2
fett,2
pnb,2
"""damn",2
aladdin,2
schmuck,2
mommies,2
equals,2
slop,2
crush,2
picnic,2
naw,2
amex,2
perform,2
corny,2
keeping,2
goofing,2
dome,2
19,2
protein,2
coco,2
lego,2
nike,2
bees,2
saucing,2
nana,2
onto,2
lookin’,2
ex's,2
2018,2
hide,2
cardiac,2
dilip,2
flops,2
beamer,2
poop,2
flaming,2
prey,2
wardrobe,2
huggies,2
misfit,2
tiger,2
rug,2
flexin’,2
frontin',2
drug,2
hennessy,2
potion,2
throwin',2
sleepy,2
dozin',2
usin',2
hao,2
wǒ,2
shì,2
ploys,2
deals,2
saul,2
tame,2
hǎo,2
xièxiè,2
paidu,2
bamboo,2
tattooed,2
cashew,2
voodoo,2
kangaroo,2
navy,2
residue,2
hitter,2
soaker,2
tilted,2
trooper,2
puff,2
mayonnaise,2
motherfuckin',2
scooter,2
tutor,2
sounding,2
funky,2
bones,2
fleek,2
salads,2
greens,2
hearing,2
beating,2
cent,2
choking,2
floating,2
flour,2
quits,2
eloped,2
positive,2
roach,2
boast,2
dried,2
snakes,2
vision,2
combo,2
rudey,2
except,2
gando,2
sambo,2
ooah,2
cutting,2
heaps,2
leviosa,2
yearly,2
solely,2
interest,2
jelly,2
heavyweight,2
mars,2
toxic,2
brunch,2
demographics,2
stumping,2
slung,2
sprung,2
-,2
lotto,2
gasolina,2
tina,2
thong,2
pong,2
extrapolate,2
passenger,2
molasses,2
either,2
bake,2
desktop,2
praying,2
closer,2
rag,2
brag,2
hoping,2
dictionary,2
frosty,2
ogopogo,2
u,2
movies,2
brain’s,2
difference,2
panama,2
boof,2
loops,2
goose,2
needa,2
reminding,2
pencil,2
houston,2
dangerous,2
cuz,2
liar,2
opals,2
"it""",2
flower,2
broccoli,2
mumbling,2
dying,2
betty,2
crocker,2
purple,2
scope,2
scrubby,2
bouffay,2
dodging,2
babe,2
rotten,2
nose,2
whey,2
99,2
hakuna,2
matata,2
lion,2
stunning,2
lice,2
stronger,2
let’s,2
nowadays,2
straw,2
plot,2
degrees,2
below,2
frost,2
waited,2
cliff,2
idea,2
thighs,2
bovine,2
chit,2
ross,2
hills,2
feelin’,2
ham,2
spitting,2
bruce,2
castle,2
xannie,2
slay,2
bono,2
huntin',2
lonely,2
square,2
stove,2
aight,2
rolie,2
polie,2
hotter,2
steamin',2
afro,2
taught,2
j,2
views,2
pavement,2
rise,2
xan's,2
kindly,2
hating,2
pumps,2
prawn,2
t-shirt,2
chevy,2
futuristic,2
badder,2
bubbly,2
trance,2
dunk,2
fade,2
minimum,2
curve,2
"""what’s",2
"good""",2
chokin',2
waste,2
satisfy,2
banging,2
frutti,2
strep,2
bronchitis,2
rake,2
woods,2
sixty,2
yolk,2
relationships,2
cashing,2
skrrrrr,2
procrastinate,2
potty,2
public,2
tooti,2
frooti,2
prof,2
death,2
prayin',2
barking,2
"today""",2
chengdu,2
bon,2
top-top,2
geekin',2
ya'll,2
jerk,2
boomin',2
heater,2
y'know,2
haterade,2
precipitate,2
scribing,2
dictate,2
mami,2
dibble,2
scary,2
swang,2
where'd,2
cardio,2
turbulence,2
shenzhen,2
smack,2
expelliarmus,2
mixtape,2
killing,2
filling,2
spending,2
figure,2
meeting,2
[chorus,2
rio,2
还是走得起可以,2
我的妈也,2
skills,2
以前住到那截,2
他们现在都想,2
2017,2
ghost,2
poltergeist,2
strides,2
glitter,2
whippin,2
goofin,2
chemicals,2
literally,2
600,2
position,2
waiting,2
waving,2
skrrrrrrrrr,2
jet,2
drill,2
cheque,2
rollo,2
'nana,2
persist,2
enjoys,2
penalties,2
unfit,2
posse,2
slum,2
chicks,2
brits,2
mula,2
bandaid,2
owie,2
crusade,2
downgrade,2
peen,2
spree,2
r-,2
cuh,2
christen,2
fortune,2
missin’,2
wise,2
band-aids,2
perc,2
hummus,2
tots,2
stool,2
dandy,2
jeweller,2
ruler,2
booger,2
smashin’,2
cooked,2
chowin',2
toffee,2
stank,2
rambo,2
jingle,2
springles,2
bilingual,2
broken,2
starin',2
toot,2
goodbye,2
bucket,2
worst,2
kit,2
yellin',2
visa,2
intro:,2
crunchy,2
jane,2
loop,2
mills,2
versace,2
motor,2
y'already,2
kilo,2
strapped,2
sittin',2
classes,2
lululemon,2
pressin',2
vehicle,2
fault,2
floatin',2
boastin',2
leavin',2
serve,2
cruisin',2
skid,2
glorious,2
ay.,2
s,2
papers,2
feenin',2
15,2
flex-,2
wonderland,2
m-m-m-m-my,2
gi-gi-gi-give,2
rib,2
sip-sip-sip-sip-sippin',2
aristotle,2
lickin',2
dougie,2
forgiatos,2
models,2
between,2
shoo,2
foot,2
supply,2
chutney,2
{},2
rolly,2
swipe,2
fantasy,2
served,2
masi,2
goon,2
catching,2
24s,2
womb,2
freeway,2
segway,2
hammer,2
chk,2
clank,2
cooking,2
piper,2
lickity,2
empire,2
kia,2
nokia,2
trojan,2
dub,2
thicc,2
suave,2
ya’ll,2
names,2
mofuckin',2
co,2
mo,2
insulate,2
queue,2
hustlin',2
mini,2
ion',2
poon,2
platoon,2
motherfucking,2
wok,2
q-tip,2
armo,2
sujuk,2
waddles,2
there’s,2
it‘s,2
dawn,2
skrtting,2
gu-gu-gun,2
ounces,2
brews,2
novel,2
ending,2
sinning,2
expect,2
greatest,2
kevin,2
spacey,2
carpe,2
patrick,2
swayze,2
daydream,2
pérignon,2
reporting,2
cable,2
jacket,2
tastes,2
maple,2
staple,2
prize,2
saddle,2
apart,2
stone,2
snitches,2
flauntin',2
riches,2
limits,2
fives,2
brrrr,2
wh-wh-whoa,2
whoo-whoo,2
codeine,2
'lax,2
makin’,2
hotel,2
i-i-i,2
enem-,2
no-no-no,2
lover,2
gushin',2
losin',2
bossin',2
joker,2
rhythm,2
where’s,2
cheesy,2
homies,2
wasting,2
"""no",2
"man""",2
swiftly,2
saucin',2
stompin',2
vean,2
assault,2
bombs,2
sky,2
bango,2
bongo,2
mamba,2
edgar,2
allen,2
damn.,2
scram.,2
blam,2
harm,2
focus,2
lambo,2
tango,2
rango,2
an',2
lyrically,2
quickly,2
hurry,2
clocks,2
elite,2
‘bouta,2
ballin’,2
ballin,2
asians,2
cooling,2
didn’t,2
xela,2
educated,2
medicated,2
fascinated,2
haze,2
guns,2
liked,2
livin’,2
flippin’,2
owe,2
tinder,2
cuddle,2
narcos,2
zip,2
rolex,2
books,2
you’s,2
‘head,2
…,2
emo,2
surfin',2
scopin',2
cupid's,2
muted,2
wounded,2
doofus,2
puma,2
tuna,2
student,2
shit's,1
mule,1
vertigo,1
pact,1
nato,1
domino's,1
8,1
guantanamo,1
-tanamo,1
fabio,1
tеacher,1
wherе,1
yi,1
sweating,1
m.i.a,1
"""make",1
"wish""",1
"""okay""",1
taco,1
baja,1
[передриспів:,1
fireworks,1
lining,1
machu,1
picchu,1
ski,1
see-through,1
re-do,1
film,1
[брейк:,1
rizz,1
[куплет,1
тимофій,1
музичук,1
що,1
робили,1
люди,1
дуру,1
давали,1
мені,1
даром,1
може,1
навіть,1
dolla,1
дали,1
фуру,1
базарили,1
буду,1
в,1
калуші,1
хавали,1
ред,1
була,1
тебе,1
лякатиме,1
акулу,1
спати,1
вже,1
вийде,1
вийди,1
гула,1
перейматимусь,1
по,1
факту,1
факти,1
всі,1
ці,1
тіпи,1
пахне,1
ніби,1
пахва,1
попахуй,1
фокус,1
доля,1
мене,1
там,1
було,1
вирулю,1
завжди,1
буде,1
саме,1
так,1
треба,1
адже,1
дуже,1
вправно,1
рулю,1
speakers,1
opening,1
yes-men,1
screens,1
top-notch,1
reach,1
hopscotchin',1
steppin',1
increase,1
goal,1
amphetamines,1
smithereens,1
freakin',1
promiscuous,1
themselves,1
simultaneous,1
subcutaneous,1
filed,1
miscellaneous,1
circumcised,1
exercise,1
goodnight,1
unfair,1
breathe,1
sleeps,1
forever—,1
kеpt,1
imagine,1
workers,1
poundtown,1
rеnted,1
pissе,1
ramenеz,1
buss,1
fitty,1
ad-workers,1
carris,1
depop,1
pause,1
jiggle,1
jaa,1
bedroom,1
wounds,1
gets,1
brrah,1
pisse,1
ramenez,1
oncе,1
lеt,1
gigachad,1
touchdown,1
p-j,1
storm,1
d-day,1
aflac,1
shy,1
timid,1
rager,1
kardashian,1
shee-in,1
pitted,1
mahallo,1
gary,1
vee,1
vasodilation,1
'drenaline's,1
grays,1
lumiere,1
skincare,1
w's,1
daycare,1
melting,1
nightmare,1
footwear,1
gel,1
sole,1
exaggeration,1
timelapse,1
seeing,1
rounds,1
leglock,1
gyrados,1
protection,1
blucky,1
affection,1
subjective,1
directions,1
extendos,1
semi,1
brodie,1
he'll,1
penny,1
doggin',1
jewelry,1
robbing,1
revolutionary,1
diction,1
vocabulary,1
timberlake,1
hereditary,1
shimmy-shimmy,1
avatar,1
gain,1
one-night,1
mini-bar,1
taxеs,1
faxеs,1
lacoste,1
crocodile,1
nova,1
licking,1
organ,1
scoring,1
telly,1
corden,1
faxes,1
na-da-na-na-na,1
shiba,1
cheetah,1
pisces,1
pooh,1
shiesty,1
cheeto,1
b.o,1
welcome,1
toledo,1
placebo,1
types,1
irking,1
laundry,1
chipotle,1
certainly,1
wait-wait-wait,1
eats,1
chips,1
guac,1
3.99,1
see-,1
claim,1
hacks,1
b-b-b-b-b-b-b-b-b-b-bbno$,1
guys,1
piggybacks,1
doug,1
dimmadome,1
macaulay,1
ozone,1
recording,1
payload,1
mark,1
indie,1
knick-knack,1
patty,1
c-class,1
amateurs,1
crock,1
ballroom,1
trot,1
hotshot,1
hardest,1
keepin',1
believing,1
sweeping,1
ha-ha-ha-ha,1
codes,1
eco,1
tonics,1
comic,1
page,1
teased,1
kissed,1
cribs,1
each,1
sixty-threesome,1
force,1
lace,1
pre-cum,1
braindead,1
cerebrum,1
bumbum,1
crumbs,1
breadеd,1
double-breasted,1
halle,1
hasan,1
senate,1
aoc,1
reached,1
gеt,1
fence,1
pig,1
barn,1
rancher,1
camper,1
romancer,1
bagged,1
flunked,1
alarm,1
chores,1
themself,1
regret,1
thrust,1
likе,1
russ,1
complaining,1
loves,1
tom,1
impossible,1
substantial,1
self-care,1
facial,1
postnasal,1
criss,1
angel,1
marry,1
[strofa,1
tuzzo,1
cosa,1
ehi,1
parli,1
guarda,1
ahi,1
basta,1
segue,1
pezzo,1
figa,1
pazzi,1
lei,1
passo,1
totti,1
cucchiaio,1
rispondo,1
salvadanaio,1
hermès,1
herpes,1
cisgender,1
sedicenne,1
offende,1
posti,1
fessa,1
posto,1
fisso,1
chi,1
l'ha,1
visto,1
meme,1
l'imene,1
vedi,1
bere,1
chiamami,1
carmelo,1
bene,1
knocks,1
amanda,1
knox,1
accetto,1
sud,1
italia,1
pos,1
prendo,1
funghi,1
so',1
rimasto,1
'a,1
sotto,1
blowjob,1
iphone,1
blow-job,1
raga,1
package,1
baggage,1
philly,1
back-to-back,1
habitat,1
hardcorе,1
handicap,1
"""welcome""",1
mats,1
washroom,1
plaquеs,1
ironic,1
coins,1
malibu,1
wagyu,1
hydraulics,1
primo,1
slanting,1
italics,1
losses,1
obsolete,1
preach,1
npc,1
bouncin’,1
girl’s,1
educate,1
pornhub,1
chaturbate,1
aerate,1
attenborough,1
narrate,1
serenade,1
marinade,1
antique,1
technique,1
wednesday,1
greek,1
keef,1
chiddy-chiddy,1
aeroplane,1
"""big-cock.com""",1
domain,1
five-dollar,1
footlongs,1
lifelong,1
huron,1
peon,1
leon,1
nana-nana,1
boo-boo,1
ballerina,1
stretching,1
roddy,1
ricch,1
ehh-err,1
grins,1
cams,1
cannes,1
emmy,1
cinemax,1
smacks,1
poolside,1
jacks,1
t.j.,1
cataracts,1
art,1
nick,1
heavily,1
dislike,1
asics,1
wound,1
makе,1
honeymoons,1
oom,1
cameo,1
romeo,1
juliet,1
oreo,1
indigo,1
itty-bitty,1
embryo,1
fam,1
catamaran,1
catan,1
outlet,1
middleman,1
assets,1
hyperbole,1
transportin',1
hal,1
yeesh,1
twenty-three,1
mike,1
teamin',1
wе,1
clark,1
"""mommy""",1
thеy,1
gogh,1
shimmy-yeah,1
random,1
tuesday,1
f-150,1
skrrt-skrrt-skrrt,1
wood,1
grain,1
migraine,1
pedo,1
concords,1
cancelled,1
jungle,1
crown,1
viеw,1
sippy,1
lovin',1
bark,1
scrabbity,1
doo,1
ruff,1
woof,1
bump,1
balloons,1
cartoon,1
harpoon,1
sharp,1
sharks,1
shouted,1
peepee,1
cummin',1
bussin',1
cd,1
titties,1
doobies,1
doo-by,1
jacuzzi,1
implants,1
jiggle-jiggle,1
sizzle,1
payin',1
natural,1
casserole,1
shallow,1
cardamon,1
skill,1
artisan,1
throws,1
cone,1
punk,1
bachelor,1
angular,1
puffed-up,1
xl,1
seamless,1
fights,1
swing,1
condoms,1
brrr,1
gist,1
thanos,1
blaow,1
ssshhh,1
tabs,1
buildin',1
muscle,1
pape,1
brdd...,1
uh-oh,1
amazing,1
whuuhwhuwuu-wait,1
eeny,1
meeny,1
moe,1
faze,1
february,1
mean—,1
caused,1
breakup,1
dial,1
bluh,1
bleugh,1
steps,1
packin’,1
pistols,1
lovell,1
suckin',1
messy,1
winner,1
bitch-made,1
’n',1
bummy,1
mula-la-la,1
blah-blah-blah-blah,1
mamacita,1
rpg,1
dividends,1
x-class,1
drivin',1
underglow,1
tied,1
wearin',1
nikes,1
elephants,1
advice,1
fеat,1
afford,1
pricе,1
overpaid,1
sunday,1
chick-fil-a,1
bicep,1
taxed,1
melinda,1
gates,1
interest-interest,1
portobello,1
resurrection,1
addicted,1
intervention,1
properly,1
scuffed,1
gelato,1
parmigi-gi-gi-giano,1
loco,1
warmest,1
reinf-fo-fo-fo-forcements,1
simply,1
stimulus,1
licorice,1
clitoris,1
desperate,1
intelligent,1
sucked,1
exorcist,1
nеxt,1
g-shock,1
verb,1
nouns,1
labo,1
tulip,1
bouquet,1
scores,1
you've,1
kdas,1
bitched,1
douche,1
touché,1
frisbee,1
certifications,1
frameless,1
anus,1
heinous,1
ugh,1
takе,1
payments,1
layman's,1
titty,1
teasin',1
cheesin',1
flowin',1
plumber's,1
catastrophic,1
benji,1
fantastic,1
boombastic,1
pontiac,1
lana,1
expense,1
betcha,1
etch,1
hondas,1
friday,1
agenda,1
spirit,1
critic,1
fantano,1
pepto,1
it'll,1
screaming,1
britney,1
nervous,1
i–,1
swearing,1
vows,1
disavow,1
motive,1
played,1
basically,1
masochist,1
certain,1
adolescent,1
violets,1
bumpin,1
pretending,1
seeking,1
spare,1
pocket’s,1
pretendin',1
seekin',1
hoppin',1
pocket's,1
driveway,1
heiny,1
winky,1
convo,1
ridiculously,1
spicy,1
sight-see,1
"""ooh",1
moanin',1
backshots,1
"""boom",1
rear,1
sheddin',1
tears,1
m.i.l.f.'s,1
revolvin',1
satellite,1
return,1
"this""",1
explicit,1
"""let",1
"tickets""",1
condiment,1
consonants,1
monogamous,1
604-266-suck-this-dick,1
rottin',1
lecture,1
adult,1
enjoy,1
grows,1
evеry,1
securеd,1
steer,1
deeds,1
craft,1
dodgin',1
calls,1
dose,1
jäger,1
industry,1
science,1
connoisseur,1
saboteur,1
friendships,1
damned,1
kato,1
elastic,1
potato,1
necklace,1
causes,1
albedo,1
flashy,1
porsche,1
baddies,1
bam,1
dunked,1
goblin,1
common,1
lottery,1
sodomy,1
fade-out,1
littlе,1
flicks,1
realistic,1
big-boned,1
seconds,1
smaller,1
possibly,1
cases,1
faces,1
fitbit-bit,1
lies,1
shouldn't,1
wah-wah,1
chit-chat,1
respects,1
troubled,1
dodged,1
tense,1
would've,1
picked,1
lied,1
hershey,1
wah-wah-wah,1
spilled,1
default,1
skins,1
warcraft,1
paladin,1
sin,1
zirconium,1
juist,1
laatst,1
wou,1
bril,1
dita,1
oke,1
wel,1
korting,1
anders,1
trek,1
pipa,1
ging,1
discussie,1
vent,1
wie,1
denk,1
bedrijfsleider,1
erop,1
af,1
gerend,1
hij,1
zegt:,1
jee,1
maak,1
koprol,1
vreugde,1
dacht,1
prijs,1
deugde,1
flashen,1
buitenland,1
duiten,1
mn,1
oplichters,1
kees,1
der,1
spek,1
vermagering,1
gots,1
theepot,1
bustdown,1
soak,1
brime,1
yep,1
leipe,1
hier,1
[outro,1
tata,1
lol,1
cheef,1
impress,1
deepthroat,1
lessons,1
linin',1
noggin,1
quotes,1
motherfuck,1
knowledge,1
mileage,1
silence,1
pilin',1
villa,1
women,1
papí,1
given,1
killers,1
realer,1
filler,1
revival,1
idols,1
denied,1
havin',1
code,1
wipes,1
pearly,1
arugula,1
danish,1
wonderboy,1
trousers,1
'sace,1
mystic,1
wrist-y,1
cristy,1
clarke,1
adlibs,1
boredoms,1
corded,1
invеstin',1
driftin',1
dunkin',1
lavishness,1
strategist,1
3350,1
6045,1
2025,1
google,1
365,1
precеdence,1
allow,1
deem,1
dorks,1
forbes,1
floorin',1
ninety,1
disappearing,1
granted,1
steering,1
precedence,1
dicks-a-lot,1
confirming,1
flaked,1
uma,1
thurman,1
elastics,1
cornstarch,1
thicken,1
monumental,1
quitе,1
emphatic,1
dramatic,1
nomadic,1
schematic,1
sporadic,1
tri-chromatic,1
"""when",1
"sex""",1
sec',1
别怕这不是邪教,1
身上的衣服xl,1
我带上头套,1
看我,1
怎么借来东风,1
吹走,1
都一样的中庸,1
战火,1
一直飘到中东,1
ak47,1
冲锋,1
感觉像,1
穿过百慕大,1
看着过去,1
蜕变成了水墨画,1
需要更新的画笔,1
明年的挂历,1
说什么,1
不在意,1
给你beef,1
没有peace,1
跑到东,1
跑到西,1
当心,1
他们抓住你的历史,1
飞速在沙漠上面疾驰,1
db,1
boots,1
circlin',1
drain,1
buttercup,1
condom,1
maury,1
povich,1
leased,1
teal,1
abc's,1
w,1
hurtin',1
dippin',1
turner,1
bbnobucks,1
skyline,1
battlin',1
happenin',1
medical,1
morgue,1
holes,1
apartment,1
jumped,1
lights,1
doo-doo,1
trike,1
length,1
height,1
width,1
soaked,1
towel,1
oven,1
turducken,1
drunkest,1
propane,1
freedom,1
reign,1
dane,1
you's,1
medicate,1
featherweight,1
holloway,1
bic,1
relegate,1
slumped,1
erased,1
grace,1
cynics,1
missin',1
mamí,1
o's,1
fitted,1
17,1
blowed,1
civic,1
scheme,1
image,1
prozac,1
trig',1
pumpin',1
faith,1
g.o.a.t.,1
llama,1
bahama,1
avocado,1
complaints,1
ecstatic,1
complain,1
attendant,1
possibility,1
rainbow,1
"no""",1
insurance,1
costco,1
dairy,1
products,1
jell-o,1
character,1
elmo,1
modelo,1
william,1
shakespeare,1
othello,1
gooch,1
grеat,1
mothеrfuckin',1
that-,1
quinoa,1
palate,1
shoppin',1
intolerant,1
botherin',1
dicks,1
hollering,1
diet,1
modellin',1
beer,1
chicago,1
cane,1
romaine,1
zero-grain,1
bologna,1
sandwiches,1
freshest,1
cellphone,1
kombucha,1
7:,1
"""girl",1
"pottery""",1
salt,1
cock-block,1
soya,1
based,1
grocery,1
223,1
"""'sup""",1
sanity's,1
"""if",1
"fan""",1
diggin',1
unless,1
sam's,1
work-work-work-work-workaholic,1
guap-guap-guap-guap-,1
guapaholic,1
trees,1
belize,1
la-la-la-la-la-la,1
getta,1
contrast,1
blowin',1
molotov,1
elbows,1
strike,1
forty-five,1
l-a-x,1
headline,1
correlated,1
i'ma—,1
elite-r,1
.223,1
contemplatin',1
'sup,1
milfs,1
seed,1
exerciser,1
analyzer,1
breed,1
amethyst,1
analysist,1
catalyst,1
thottie's,1
inadequate,1
points,1
management,1
graduate,1
halibut,1
mannequin,1
beak,1
toppin',1
pelican,1
delicate,1
tuesdays,1
champagne,1
lime,1
coconut,1
pinky,1
akira,1
gyarados,1
nuttin',1
venereal,1
material,1
fear,1
pure,1
femina-phobia,1
patek-agonia,1
knowing,1
todos,1
los,1
días,1
chupa,1
novia,1
tengo,1
frío,1
como,1
neumonía,1
prenderò,1
rose,1
farai,1
appassire,1
tra,1
darai,1
spine,1
tre,1
lire,1
motivazione,1
amore,1
"""cuore",1
"ice""",1
penso,1
parole,1
potermi,1
esprimere,1
esprimo,1
sembro,1
cantastorie,1
direi,1
questa,1
tiene,1
"""sì""",1
"""boh""",1
parla,1
parlo,1
ansia,1
vuol,1
"""sto",1
"male""",1
quante,1
cose,1
professore,1
eppure,1
dentro,1
consumato,1
suole,1
suore,1
escort,1
trasformo,1
dolore,1
male,1
stesso,1
[ritornello:,1
number's,1
patience,1
cadence,1
it:,1
"""thank",1
"wrong""",1
sympathetic,1
apathetic,1
hypothetic,1
sbalzi,1
umore,1
ascensore,1
dico:,1
"""sono",1
sfranto,1
'ste,1
"storie""",1
colore,1
venti,1
mezzo,1
secondo,1
quadro,1
malato,1
l'ho,1
già,1
varrebbe,1
canzone,1
tipo,1
tette,1
influencer,1
vorrebbe,1
corre,1
col,1
veni',1
uoh,1
catastrophe,1
matrimony,1
hook's,1
eeh,1
che-ch-ch-ch-check,1
che-ch-ch-ch-checks,1
appear,1
teanc,1
pantaloni,1
merg,1
șchiop,1
băi,1
cocaina,1
ciorap,1
pentru,1
ai,1
dau,1
cioară,1
m-am,1
jurat,1
n-o,1
ajung,1
balamuc,1
mamă,1
glock-u',1
pă,1
glonț,1
stradă,1
pistolu-l,1
folosesc,1
sifon,1
yolo,1
gang-u',1
meu,1
rămâne,1
etern,1
pula,1
mea,1
tonul,1
cântă,1
diablo,1
bagabonții,1
îl,1
cară,1
dar,1
duc,1
io,1
prra-prra,1
ratta-ta,1
către,1
cârpă,1
fut,1
zâmbesc,1
târfo,1
jakoban,1
pereți,1
fato,1
șefi,1
doar,1
lângă,1
coardo,1
afiliați,1
ăia,1
menționați,1
niciodată,1
coarda,1
câte,1
unu',1
odată,1
stai,1
fă,1
nebuno,1
vrei,1
fiindcă-s,1
numero,1
uno,1
spune-mi,1
chulo,1
cioată-n,1
gură,1
sute,1
milioane,1
mână,1
franck,1
muller,1
azteca,1
numele,1
gata,1
numere,1
sumele,1
bună,1
îmi,1
sfârcu',1
încă,1
vine:,1
"""geanta",1
aia,1
"iei""",1
vrea,1
birkin,1
îi,1
zic,1
n-am,1
leu,1
's,1
te-aș,1
dezarma,1
constat,1
prea,1
banii,1
gloanțe,1
aș,1
trage-n,1
ea,1
linge,1
câți,1
trapperi,1
obosiți,1
infarct,1
fiecare,1
dată,1
p-un,1
cac,1
piș,1
dă-le,1
colac,1
sunt,1
copiii,1
i-am,1
botezat,1
"""mai",1
taci,1
bă-n,1
morții,1
hoții,1
"ayy""",1
piese,1
haine,1
purtat,1
fii,1
băiat,1
dă-te-n,1
asfalt,1
trapere,1
c-am,1
mașina,1
gât,1
bighidii,1
așteaptă,1
ți-o,1
dea,1
urât,1
țăranu',1
ăsta,1
nu-i,1
din,1
bucurești,1
n-ai,1
curaj,1
vorbești,1
c-ai,1
datorie,1
picioare,1
investesc,1
continuare,1
făcut,1
fie,1
tobelor,1
clubul,1
drown,1
shew,1
distribution,1
skewed,1
"""you",1
"shit""",1
view,1
mew-a-two,1
freestyle,1
rhymin',1
"""you""",1
"""you""""",1
"alibi""",1
witty,1
lullaby,1
snorin',1
hand-in-hand,1
lawyer,1
jargon,1
dew,1
custom,1
guards,1
wildin',1
feat',1
completely,1
we-we-went,1
larger,1
magnitude,1
suggest,1
placin',1
u-u-u-up,1
lu-u-u-ck,1
honest-ly-ly-ly,1
20k,1
lie-lie,1
reply,1
bullseye,1
eighty,1
financials,1
shhh,1
w-w-w-wait,1
cuffin',1
showered,1
cap't,1
sparrow,1
loonie,1
smoothie,1
c+,1
maxed,1
gaming,1
r1,1
antenna,1
we’re,1
pawn,1
petco,1
quarantine,1
spectacular,1
atmosphere,1
engineer,1
gridlock,1
bedlock,1
guwap,1
khakis,1
restock,1
jaywalk,1
z-z-zoom,1
roadblock,1
hoc,1
talk-talk,1
snap,1
felonies,1
amenities,1
mm,1
bunny,1
reader,1
rabbit,1
brained,1
wah-wah-wah-wah,1
g-class,1
nerdy,1
pish,1
bosh,1
whipped,1
parley,1
barley,1
beard,1
marley,1
shed,1
wimp,1
shrimp,1
simp-le,1
kindle,1
jay-z,1
freaked,1
doubts,1
counts,1
m's,1
recently,1
followers,1
instagram,1
yeah-yeah-yeah,1
field,1
doo-doo-doo,1
blasphemy,1
tenderly,1
celebrity,1
tim,1
solve,1
stout,1
d-cups,1
c-cups,1
patterns,1
nanas,1
passin',1
misunderstood,1
anesthesiolo-wrist,1
fee-fi-fo-fum-head-ass,1
supper,1
sucker,1
stumble,1
cook,1
cadillac,1
fog,1
cricket,1
villain,1
aluminium,1
cinnabon,1
rainy,1
brainy,1
thicker,1
landfill,1
advil,1
anvil,1
address,1
bandsville,1
spazzing,1
pizzazz,1
razzmatazz,1
cameron,1
diaz,1
shaky,1
smile,1
replace,1
evade,1
angelina,1
jolie,1
chrome,1
macaroni,1
seiko,1
noah,1
ark,1
braniac,1
hypothermic,1
life's,1
pad's,1
bieber,1
aquafina,1
sweetenin’,1
might’ve,1
relyin',1
choice,1
co-sign,1
sweetenin',1
might've,1
clawin',1
undress,1
mozzarella,1
tyra,1
player,1
breakin',1
mayor,1
raider,1
elevator,1
fridgerator,1
lakers,1
nympho,1
filthy,1
loyal,1
financially,1
poppins,1
creamy,1
baskin-robbins,1
mocha,1
fudge,1
stocking,1
thoughtful,1
roleplay,1
crockett,1
ric,1
flair,1
riley,1
reminds,1
wor-wor-workin',1
shift,1
teddy,1
pendergrass,1
resist,1
niña,1
baila,1
cumbia,1
sabrosa,1
mueve,1
cadera,1
goza,1
dame,1
boquita,1
quiero,1
tus,1
labios,1
besar,1
dado—,1
"""yes""",1
claims,1
descend,1
frames,1
lens,1
stains,1
g-fazos,1
billi',1
cucked,1
fleetwood,1
minuscule,1
aimbot,1
crutch,1
starsky,1
hutch,1
star-studded,1
event,1
valet,1
paul,1
rally,1
caviar,1
battle,1
scars,1
got-got-got,1
thick-thick,1
anti-antifreeze,1
riot,1
bumping,1
wendy's,1
a.m.,1
fluent,1
whistle,1
bristle,1
nibble,1
fiddle,1
malcolm,1
four-door,1
posed,1
jumpman,1
logo,1
accomplice,1
himself,1
swingin',1
belt,1
grindin',1
deactivated,1
stealth,1
hated,1
'grains,1
shared,1
opp,1
guest,1
hydrolysis,1
armenian,1
pink-yellow,1
timeless,1
flu,1
deadstock,1
airlock,1
boardwalk,1
internationally,1
bangkok,1
700k,1
spotify,1
gunshot,1
jackpot,1
scarred,1
toll,1
painful,1
blur,1
remind,1
forgone,1
ronda,1
outer,1
cosmos,1
wanda,1
nicki,1
fatass,1
unnecessary,1
church,1
tundra,1
humans,1
intergalactic,1
jacking,1
dracos,1
gamma,1
ray,1
trump,1
invasion,1
ticking,1
tint,1
breakthrough,1
revenue,1
prophets,1
wears,1
dress,1
chant,1
"""write",1
"song""",1
"""whoa-oh-oh""",1
"""buy",1
"purse""",1
"""no-o-o""",1
chartin',1
enthusiastic,1
na-na-na,1
stare,1
400k,1
perrier,1
laminate,1
meditate,1
downward,1
champ,1
pog,1
dite,1
frightenin',1
spike,1
tread,1
whitening,1
direct,1
wreck-it,1
ralph,1
hd,1
wrecked,1
"romantic""",1
spanish,1
planned,1
vanish,1
copies,1
denzel,1
exponential,1
mathematic,1
acrobatic,1
rugs,1
terrace,1
clappin',1
closin',1
warmin’,1
3-7-5,1
sprintin',1
"face""",1
mx,1
minus,1
m-make,1
chop-chop,1
topped,1
flopped,1
gettin’,1
mockumentary,1
warmin',1
ye-e-e—,1
yea-yeah,1
banana-na-na,1
da-da-da-da,1
loosey,1
goosey,1
hulk,1
rhinestone,1
capone,1
toned,1
mother's,1
loading,1
faux,1
tenfold,1
11,1
casein,1
amino,1
saline,1
creamo,1
flushing,1
fuego,1
juego,1
vanitas,1
flip-flops,1
seams,1
gleam,1
no-no,1
manner,1
managed,1
standards,1
shins,1
markup,1
24,1
decor,1
panamera,1
pacify,1
peaking,1
"jive""",1
sparks,1
ignite,1
marchiafava,1
twirl,1
romancin',1
mansion,1
headed,1
condo,1
flexed,1
melody,1
bananana,1
nanananananana,1
ah-ah,1
dada,1
dadadada,1
loosey-goosey,1
bumpin’,1
ex’s,1
endeavor,1
growin’,1
measure,1
four-foot-two,1
electric,1
hectic,1
butterfly,1
exit,1
majestic,1
42,1
dyslexic,1
pokédex,1
articuno,1
pikachu,1
runners,1
gymnast,1
airsoft,1
squishy,1
peapod,1
clothing,1
cocked,1
boomin,1
jackson,1
detox,1
climbing,1
geox,1
stocked,1
kiosk,1
mamacitias,1
liters,1
seater,1
coupons,1
wig,1
clingon,1
dingdong,1
twenty-six,1
trendsetter,1
no-one,1
pepper,1
hunting,1
30k,1
mits,1
cradle,1
shred,1
contract,1
subtract,1
hydrate,1
fixate,1
lightweight,1
queso,1
feelo,1
play-dough,1
choosin’,1
sh-sh-shitting,1
chewin',1
"""where",1
"go""",1
pronto,1
handbag,1
shady,1
dickin',1
"""how",1
"up""",1
gdb,1
towers,1
bazooka,1
pupa,1
45th,1
disturb,1
scoopin’,1
maids,1
grabbed,1
anyway,1
nobs,1
funnel,1
tyrna,1
either-,1
pipin’,1
plumber,1
tighter,1
fighter,1
invite,1
viscosity,1
mode,1
nudie,1
stepping,1
mast,1
stuffed,1
german,1
charlie,1
sheen,1
mattress,1
hurting,1
berserk,1
backflips,1
lackin',1
napkin,1
stickus,1
miracle,1
trippykid,1
heading,1
lays,1
flawless,1
lawless,1
lurking,1
lozenges,1
cents,1
crawl,1
relish,1
premise,1
jealous,1
kenny,1
powers,1
malone,1
funniest,1
trippy's,1
popin',1
shower,1
rising,1
overpowered,1
dapper,1
cleanest,1
data,1
slope,1
"joke""",1
economy,1
kebab,1
dj,1
vamp,1
snore,1
’way,1
bandos,1
zambo,1
choo,1
anh,1
yard,1
nascar,1
spaceship,1
internet,1
basement,1
background,1
a-list,1
g-g-got,1
carbs,1
vruum,1
ahn,1
bronze,1
felony,1
flat,1
grease,1
piecе,1
jealousy,1
you'rе,1
hypocristy,1
counting,1
decibels,1
guapes,1
vegetables,1
vegetable,1
arsenal,1
arson,1
g-g-god,1
javascript,1
zoinks,1
monetization,1
rung,1
adderall,1
swung,1
"""keep",1
"exponential""",1
motto,1
six-forty-nine,1
marina,1
keener,1
litre,1
p-p-posted,1
rickety,1
ticky,1
splashing,1
normal,1
peas,1
pod,1
jeep's,1
zs,1
m,1
sea,1
huns,1
brighter,1
apollo,1
high-school,1
jag',1
'baby,1
bands',1
jumex,1
"""kool-id""-",1
kool-aid,1
cray,1
my-,1
drippin’,1
wit’,1
'lasses,1
hassy,1
kansas,1
teaser,1
pleaser,1
squeezer,1
bitin',1
sharkeisha,1
several,1
muffle,1
dicing,1
ho-ho,1
avoid,1
inspect,1
collect,1
fucker,1
ahhhhhhhh,1
crouton,1
epos,1
spinning,1
wukong,1
klingon,1
clip-on,1
mahjong,1
shitting,1
flax,1
waddup,1
5678,1
cookies,1
flakes,1
kelowna,1
hobo,1
nono,1
yoyo,1
brothers,1
chinese,1
zozo,1
apes,1
-racks,1
got-,1
actor,1
cheffin,1
spaghetti,1
veggies,1
changing,1
twisted,1
rearranging,1
soundcloud,1
connections,1
paired,1
tropicana,1
clay,1
sway,1
unsigned,1
mastermind,1
mastercard,1
declined,1
defined,1
legal,1
fines,1
playground,1
tams,1
chocolate,1
whitney,1
'ccusing,1
keesh,1
cloutchaser,1
delight,1
proposal,1
focal,1
social,1
noble,1
yodels,1
anecdotal,1
vocals,1
nosal,1
total,1
bumblebee,1
inaudibly,1
punny,1
created,1
sinkin',1
vape,1
escape,1
bathing,1
ape,1
linguist,1
bolognese,1
zit,1
clot,1
fazed,1
suede,1
duck,1
gauge,1
aim,1
bot,1
players,1
enamel,1
chomp,1
knee,1
soap,1
tote,1
mighta,1
float,1
moat,1
thermal,1
womanizer,1
equalizer,1
cyclopes,1
paradox,1
snoozing,1
tri-cera-top,1
hops,1
bops,1
hypeman,1
hmmm,1
cpr,1
lfr,1
invasive,1
ringin',1
rackades,1
wantin',1
fubu,1
earned,1
pose,1
thumpin',1
bose,1
f-,1
22,1
pinnacle,1
obviously,1
resonate,1
"""break",1
"twice""",1
messing,1
globe,1
international,1
dank,1
tanks,1
boxer,1
knockers,1
exotic,1
product,1
lemon,1
bacardi,1
trippythaman,1
tripled,1
sussyboi,1
they'd,1
moments,1
closing,1
sitch,1
staring,1
interior,1
liq',1
trusting,1
commission,1
switched,1
lg,1
during,1
edge,1
pledge,1
woman's,1
financial,1
milfie,1
milkshake,1
3.14159,1
cosign,1
visit,1
laws,1
dicky,1
skrrrs,1
copycat,1
thermostat,1
someone,1
bob,1
paintin’,1
build,1
deville,1
basquiat,1
paintings,1
tattoos,1
painless,1
stainless,1
frame,1
caine,1
brigade,1
decay,1
chardonnay,1
musical,1
broadway,1
lasagna,1
coconuts,1
mari-ju-ana,1
"smoke""",1
biting,1
piranha,1
placing,1
pajamas,1
madonna,1
jt,1
goner,1
pawner,1
collar,1
steeze,1
febreze,1
boyo,1
pile,1
debris,1
spill,1
darjeeling,1
wayne,1
balmain,1
wee,1
hypertension,1
two-step,1
yerb,1
stimulate,1
concur,1
deserved,1
shades,1
jays,1
yangtze,1
booty's,1
hoff,1
frazzle,1
nicotine,1
darker,1
tests,1
mexico,1
powerpuff,1
mandarin,1
nicholson,1
loony,1
bin,1
action,1
tropomyosin,1
rojo,1
dojo,1
gogo,1
acapulco,1
pollie,1
boney,1
4chan,1
brony,1
fork,1
ears,1
witch,1
nefarious,1
gregarious,1
precarious,1
buckin',1
meetin',1
daughters,1
darkest,1
pub,1
clubs,1
spittin',1
crushing,1
moods,1
rolls,1
royce,1
vintage,1
b-a-b-y,1
b-o-y,1
messiah,1
ribs,1
happened,1
stubs,1
raised,1
actors,1
chapter,1
matters,1
flock,1
b-b-b-bang,1
shells,1
squeeze,1
d-d-d-dang,1
smells,1
sag,1
css,1
1.6,1
crest,1
strips,1
skrrrrrrr,1
milfies,1
moms,1
richer,1
thanking,1
handy,1
leaves,1
ouch,1
negatives,1
respectively,1
danger,1
respecting,1
freddy,1
debuton,1
97,1
techron,1
ooooh,1
name's,1
aha,1
assistance,1
what'chu,1
prolific,1
studyin',1
linguistics,1
logistics,1
narcissistic,1
hush,1
crushin',1
blushin',1
russian,1
slidin',1
tuggin',1
arrrrr,1
army,1
charmin',1
juelz,1
hahahahaha,1
reow,1
trendy,1
defrost,1
joust,1
branch,1
ranch,1
hunnies,1
assist,1
jiff,1
glitch,1
relay,1
hopin,1
deserve,1
wage,1
program,1
chosen,1
bint,1
flowin,1
river,1
roasting,1
notice,1
swollen,1
smoked,1
choked,1
center,1
mentions,1
destined,1
session,1
stashed,1
rubbing,1
dressing,1
poppa,1
coogi,1
skilled,1
duty,1
exposed,1
recall,1
providing,1
laker,1
breaker,1
sinker,1
bun,1
cockpit,1
attics,1
antics,1
dbangz,1
orleans,1
fatter,1
skater,1
hopefully,1
spliffs,1
downin',1
40s,1
quota,1
coca,1
cola,1
arizona,1
cougars,1
grandma,1
5th,1
outfitflexing,1
9k,1
separate,1
trix,1
leprechaun,1
likes,1
added,1
insulation,1
invitation,1
imitating,1
hindu,1
witchu,1
enticin',1
actin,1
batting,1
lab,1
established,1
maverick,1
happenin,1
dabblin',1
haven’t,1
dabbing,1
dabbling,1
laxatives,1
producin',1
wackest,1
lovely,1
25,1
sci-fi,1
nye,1
squared,1
ppt,1
zanzibar,1
research,1
shes,1
a's,1
a-b-c-d-e-f-g-i-j-k-l-m-n-o-p-q-r-s-t-u-w-x-y-zed,1
zed,1
muggin',1
audience,1
steel,1
partners,1
faking,1
rodney,1
mullen,1
zombie,1
challenging,1
ichiro,1
league,1
scrimmage,1
sink,1
swim,1
waters,1
donuts,1
doggy,1
breaststroking,1
phelps,1
sleeping,1
sections,1
spots,1
monopoly,1
paws,1
commodities,1
quality,1
forgotten,1
100,1
ends,1
cleats,1
til,1
runnin'shit,1
infinity,1
mini-me,1
slowing,1
lames,1
pacifist,1
fetish,1
veggie,1
omelette,1
peons,1
weapons,1
tetris,1
rashes,1
although,1
pimpin',1
dolemite,1
factual,1
whether,1
mic,1
jaws,1
wash,1
dawg,1
tokens,1
tooths,1
pai,1
dui,1
mein,1
speedy,1
percy,1
species,1
sweetie,1
diabetes,1
produced,1
dogdeer,1
mountains,1
regular,1
cappin',1
triggers,1
guerrillas,1
slurp,1
verses,1
enzyme,1
pasttime,1
laughing,1
daytime,1
mids,1
primetime,1
paraphrase,1
rockin',1
jokin',1
safer,1
hesitate,1
"""holetime""",1
play-doh,1
saint,1
obtuse,1
angle,1
silver,1
dangle,1
"beans""",1
mountain,1
soggy,1
wonton,1
raf,1
stans,1
epo,1
daddio,1
eileen,1
permanent,1
merciless,1
ambulance,1
analysis,1
fabulous,1
amulet,1
hazardous,1
extravagant,1
scandalous,1
skrrrrt,1
bisquick,1
chen,1
zhen,1
bend,1
zen,1
starry,1
bohemian,1
tortellinian,1
calmer,1
strokes,1
arnold,1
palmer,1
teeter-totter,1
scar,1
forehead,1
jugging,1
hater,1
ship-shape,1
laying,1
penicillin,1
willing,1
drillin',1
billing,1
encrusted,1
piping,1
aunt,1
parenthood,1
goods,1
hurdles,1
hawk,1
elevation,1
mr,1
fitss,1
jist,1
coin,1
stewart,1
press,1
babys,1
harvest,1
lavishly,1
tha-,1
shi-,1
bangin',1
knob,1
being,1
bi-bi-bi,1
desk,1
shampoo,1
pottie,1
sprinkle,1
eggs,1
cheating,1
competing,1
overeating,1
feeding,1
bbjuelz,1
tat,1
frag,1
jewel,1
dingers,1
clinger,1
stringer,1
gratitude,1
guillotine,1
tossing,1
backdrop,1
latex,1
iv,1
antibiotics,1
system,1
freckle,1
china’s,1
awful,1
我可能越活越年轻,1
在,1
去了,1
cqc,1
jellorio,1
2016,1
你说的对,1
不用减个肥,1
相当减个肥,1
花个钱的感情好贵,1
也无所谓,1
那些,1
fakes,1
要是老子赚了钱了或者老子出了名,1
一堆评论家在评论他耶,1
呱呱呱,1
没得自知之明都想把我扯一起,1
都想来个,1
哈,1
ka-ka-ka,1
太炸,1
l-love,1
checkin',1
tuition,1
appreciate,1
survive,1
stephanie,1
twenty-five,1
riverdale,1
keepin,1
drownin',1
buda,1
kissing,1
guessing,1
behave,1
bout',1
jerry,1
dunce,1
hypocrites,1
laughter,1
master,1
doodle,1
pictures,1
classroom,1
education,1
y-y-yuh,1
seriously,1
sayin’,1
toured,1
sold-out,1
polly,1
immigration,1
jinping,1
nation,1
countries,1
pints,1
chomper,1
nieces,1
creases,1
blackjack,1
sport,1
ka,1
condition,1
physician,1
dan,1
grams,1
wechat,1
baidu,1
vid,1
clearance,1
youku,1
goku,1
bouta,1
6-6-6,1
chun-li,1
他们不信,1
我就给你看我的武功,1
超级xia亚人嘻哈里他们叫我悟空,1
c-c-course,1
percocet,1
fantasise,1
mil's,1
humpty,1
dumpty,1
swill,1
'vestments,1
castles,1
expenditure,1
passes,1
loaded,1
grains,1
mistress,1
equities,1
diffused,1
"""boy",1
peppermint,1
medicine,1
skrrrrrrrr,1
thomas,1
edison,1
lamp,1
stickin',1
"""baggage""",1
neo,1
matrix,1
restrainin',1
mink,1
c-c-coat,1
oats,1
*cough*,1
bleh,1
catcher’s,1
lasses,1
slackers,1
boats,1
mace,1
blaster,1
pharmacy,1
vitamins,1
divisions,1
efficient,1
trappin’,1
fo-fo-foreign,1
goober,1
touchin’,1
boober,1
bueller,1
ubers,1
looper,1
ds,1
fewer,1
outtake,1
skewer,1
searchin’,1
hooters,1
defuse,1
purp,1
boos,1
puffing,1
firm,1
burns,1
terms,1
worm,1
zern,1
blergh,1
missiology,1
hastily,1
scurry,1
kneadin',1
fum,1
"five""",1
pesticides,1
prank,1
mumbly,1
wippin,1
loans,1
moan,1
don´t,1
soo,1
moldy,1
shape,1
upshut,1
semester,1
wishesi,1
houdini,1
merry,1
weezel,1
checked,1
him,1
mumbley,1
feals,1
blindsided,1
switchin',1
hybrid,1
gentle,1
declare,1
sheriff,1
你好，再見,1
這是另一天,1
necky,1
dos,1
equis,1
bakin',1
loot,1
fluke,1
witcha',1
katy,1
hunnids,1
trade,1
honeymoon,1
nantucket,1
fukkit,1
homerun,1
puckett,1
trumpet,1
warren,1
muppet,1
token,1
hearse,1
curse,1
witchcraft,1
splish,1
kisses,1
kat,1
whiplash,1
ash,1
'no$,1
pasadena,1
probation,1
misdemeanor,1
po,1
selena,1
"""free",1
"steamer""",1
creamer,1
amish,1
hashish,1
cashin',1
swollin',1
doink,1
earth,1
sellin',1
hahhh,1
og,1
crucifix,1
fishing,1
‘nana,1
swiped,1
weighted,1
motherfuckin’,1
guessin’,1
stressin’,1
tase,1
coastin’,1
trippin’,1
exclusive,1
p-p-pop,1
syrup,1
d-d-drank,1
muddy,1
sprite,1
doof,1
munchies,1
cinn'y,1
boomer,1
puke,1
dancer,1
blech,1
wan',1
feds,1
raid,1
missed,1
abusing,1
subs,1
splurge,1
subby,1
discreet,1
corps,1
goosin',1
boltin',1
zeus,1
perignon,1
chihuaha,1
gee'd,1
nino's,1
vino,1
cheetos,1
bish,1
bound,1
swerwin',1
till',1
often,1
oil,1
fugazi,1
gloves,1
bipolar,1
chances,1
l's,1
homeboy,1
city's,1
rinse,1
madness,1
babies,1
doctors,1
children,1
beretta,1
screwin',1
latest,1
i'on't,1
lookin,1
cursing,1
much;,1
buddha,1
studied,1
tou,1
rang,1
sterile,1
hol',1
manitee,1
sack,1
trappin',1
masses,1
wreak,1
havoc,1
upper,1
tweakin',1
guessin',1
ignore,1
deported,1
clothin',1
hat,1
submission,1
floppin',1
afterparty,1
plotting,1
somethin’,1
day’s,1
stressin',1
callin’,1
sittin’,1
watchin’,1
petal,1
comatose,1
agony,1
patient,1
color,1
gray,1
emotions,1
couldn’t,1
prison,1
messin’,1
depression,1
blessin’,1
roastin',1
roller-coastin',1
dust,1
ghostin',1
sweepin',1
asleep,1
tokin',1
having,1
coasters,1
sanity,1
vanity,1
privacy,1
dynasty,1
finder's,1
fortified,1
hunch,1
asia,1
soju,1
visine,1
enticing,1
spreading,1
icing,1
pricing,1
quieter,1
vespa,1
hearin',1
loki.,1
key.,1
concludes,1
bbno$.,1
nerf's,1
twix,1
stretchin,1
baby-bent,1
uh.,1
'nemesis',1
suni,1
vega,1
unintelligible,1
alice,1
fairy,1
caravan,1
grra,1
glide,1
chemical,1
xannies,1
2+2+2+2,1
righteous,1
infliction,1
retribution,1
manifested,1
appropriate,1
agent...,1
personified,1
'orrible,1
cunt...,1
m-m-me,1
[the,1
chopping,1
stall,1
hung,1
digging,1
glancing,1
officials,1
pigeon,1
religion,1
savvy,1
1:30,1
pm,1
emoji,1
they've,1
karen,1
toggle,1
screamin',1
americano,1
mono,1
penmanship,1
b-i-n-g-o,1
hallowed,1
scheming,1
mommas,1
opportunities,1
bigfoot,1
upon,1
kaiser,1
hypnotize,1
hypnotizer,1
scuba,1
diver,1
supplier,1
teenie,1
moshy,1
gloshy,1
signing,1
steaming,1
moped,1
spread,1
snuggie,1
booster,1
volkswagen,1
buggy,1
clans,1
pep,1
cole,1
slaw,1
gritty,1
skrrrrrrrrrrrr,1
entropy,1
centipede,1
addressing,1
intensity,1
seeding,1
cuffing,1
tendency,1
jealously,1
flashed,1
trails,1
wonky,1
keg,1
slam,1
dramas,1
boxes,1
ryan,1
rhymin,1
blowin,1
stacked,1
arrested,1
ripping,1
betting,1
flipping,1
corrected,1
wishin,1
bestest,1
hum,1
puttin,1
budding,1
worried,1
dipping,1
blah,1
crunching,1
comb,1
laned,1
moved,1
fuel,1
ima,1
lets,1
nap,1
gryfon,1
b-b-b-boom,1
pew-pew,1
ratchet,1
granite,1
dickhead,1
czech,1
lung,1
detention,1
pension,1
tension,1
warming,1
benches,1
bat,1
frat,1
med,1
trippythakid],1
is-,1
ordered,1
zooming,1
gooning,1
ballooning,1
undermine,1
vibe,1
dissin',1
kicked,1
guts,1
th-th-this,1
across,1
scarf,1
beamin',1
scandal,1
howl,1
sets,1
hidden,1
cruise,1
snooze,1
flavors,1
craving,1
savor,1
bangers,1
limit,1
swimmin',1
zippin',1
tripping,1
'c-c-course,1
fux,1
pipped,1
ammo,1
tryn'a,1
shroomies,1
galaxy,1
trippythasalary,1
onomatopoeia,1
reup,1
tortilla,1
smashin',1
50k,1
tennis,1
deployed,1
busts,1
destroyed,1
"""and",1
"gravy""",1
psht,1
tellin,1
mufucking,1
chainz,1
flang,1
wing,1
seasick,1
senojnayr's,1
'bouta,1
ya’ll...,1
announced,1
luggage,1
jansport,1
skrtin',1
transport,1
yokohama,1
benihana,1
jesus,1
kennedy,1
remedy,1
picasso,1
tussle,1
path,1
tanker,1
glen,1
doe,1
goons,1
equestrian,1
pedestrian,1
reflection,1
f-f-fuck,1
ganging,1
goggled,1
lenses,1
toronto,1
chinatown,1
roc,1
aw,1
hustling,1
hustler,1
chigga,1
ur,1
2012,1
demographic,1
commonwealth,1
asus,1
dell,1
moron,1
aurums,1
grades,1
gram,1
quarter,1
tic-tac,1
puffin,1
vaped,1
candid,1
pierogies,1
scrapping,1
alfredo,1
penne,1
flooring,1
newton,1
skipping,1
copping,1
dons,1
rocking,1
toms,1
wonning,1
tons,1
johns,1
spun,1
wheel,1
jovi,1
size,1
bbc,1
scone,1
blister,1
winter,1
sprinter,1
printer,1
letting,1
powder,1
chowder,1
tickers,1
hatter,1
packing,1
fled,1
led,1
deuce,1
truce,1
petty,1
pissin',1
clapper,1
fetti,1
beatin',1
lockhart,1
lacking,1
brudda,1
debit,1
mistaken,1
tornado,1
machete,1
lebron,1
sorrow,1
replaced,1
chugged,1
altitude,1
flintstones,1
worries,1
simba,1
lying,1
stalking,1
an-delay,1
changin’,1
playin,1
sucka,1
rocked,1
bi'h,1
bathroom,1
extermination,1
bustin,1
shoppin’,1
drop-top,1
parking,1
whore,1
hardcore,1
ecstasy,1
14,1
gunning,1
thats,1
beers,1
lovin,1
crowds,1
northbound,1
marinate,1
griffin,1
oooh,1
budweiser,1
geyser,1
precise,1
almost,1
hypnotised,1
fondue,1
wine,1
diner,1
footsies,1
sinner,1
frisky,1
christie,1
political,1
mythical,1
pivotal,1
biblical,1
centripetal,1
twel-twel-twelve,1
tactile,1
pterodactyl,1
muthafuckin',1
pokies,1
quiet,1
popo,1
promo,1
slow-mo,1
decency,1
lzr,1
synergy,1
blows,1
pitiful,1
critical,1
analytical,1
studying,1
minimal,1
others,1
honesty,1
modestly,1
subpar,1
abcs,1
producers,1
hennesy,1
two-oh-seventeen,1
wells,1
bet-bet-bet,1
thai,1
wh-whoa,1
aside,1
bet-bet,1
prescribe,1
volunteered,1
chap,1
assume,1
slackin',1
compensate,1
louie,1
gladstone,1
f'in,1
breeze,1
momma's,1
scrub,1
audi,1
crews,1
taliban,1
in-n-out,1
horses,1
broom,1
brra,1
wha-,1
scraper,1
guap-guap-guappies,1
ri-ri-riches,1
hatin’,1
compete,1
gon'-,1
james,1
hundo,1
skrting,1
pourin’,1
chu,1
flickin’,1
drinkin’,1
puffs,1
boxed,1
vey,1
aren’t,1
killin’,1
insane,1
net’s,1
rippin’,1
mango,1
‘laxing,1
dots,1
pac-man,1
passion,1
grim,1
laughin’,1
background:,1
seventy...,1
uh-uh-uh-uh-uh,1
god-god-god-god,1
learnin',1
smith,1
somе,1
mistrеss,1
she-she-she's,1
yummy,1
penal-,1
trynna,1
808,1
music's,1
nods,1
tossed,1
bodies,1
"""beam",1
"scotty""",1
moonrockin',1
bali,1
peaks,1
valleys,1
gallivantin',1
latin,1
fatty,1
jenny,1
frequency,1
carefully,1
bodily,1
lamborghini,1
laughin',1
luxury,1
faced,1
knight,1
avenue,1
latitude,1
culty,1
faulty,1
huffle,1
cuffed,1
fluff,1
hocus,1
pocus,1
focused,1
boyfriends,1
dozer,1
jewelery,1
blanche,1
cheffing,1
spilling,1
japanese,1
simultaneously,1
rum,1
ramen,1
non-stop,1
rotation,1
swiping,1
hookin',1
mum,1
orders,1
bool,1
pineapple,1
phoney,1
calories,1
honies,1
machine,1
reaching,1
correct,1
reading,1
treaty,1
*bbno$*,1
mc,1
boyardee],1
*skrrrrrrr*,1
umm,1
fastest,1
**so,1
"""bbg",1
"lit""**",1
**aight,1
it**,1
jackin',1
pushin’,1
hugs,1
squeezin’,1
studs,1
flickin',1
bitterness,1
bliss,1
crisp,1
davis,1
habit,1
disappear,1
dancing,1
bootyhole,1
ksubi,1
demons,1
godly,1
spiritual,1
b-b-b-b-banger,1
alert,1
w-w-waky-taky,1
flacky-smacky,1
karate,1
kapow,1
shotty,1
savings,1
b-b-bad,1
screeches,1
nonstop,1
rajon,1
rondo,1
crook,1
geed,1
shoe.,1
supermarket,1
arthritic,1
turtle,1
crimes,1
prioritah,1
'rari,1
kicks,1
"""let's",1
"back""",1
low-key,1
folks,1
evil,1
rupees,1
vote,1
pedro,1
la-z-boys,1
spendin',1
filet,1
mignon,1
baloney,1
like-,1
despicable,1
questionable,1
gru,1
hards,1
deez,1
bandz,1
wishing,1
pringles,1
tingled,1
im'a,1
'uck,1
screwdriver,1
mil,1
dill,1
whale,1
krill,1
ahauhf,1
ahuuhahaha,1
ahhhhhhhhh,1
cliques,1
tecs,1
pelt,1
belong,1
useless,1
welp,1
yaaaaaaaaaaaauh,1
mayubeats,1
expose,1
lyin’,1
commit,1
spits,1
rarely,1
smokes,1
who’s,1
cares,1
fuckboy,1
4/20,1
facebook,1
shootin’,1
lisp,1
soaring,1
wisp,1
setting,1
lunatic,1
bird,1
r-a-p,1
benadryl,1
throttle,1
herd,1
cattle,1
peddle,1
taze,1
inc,1
holdin',1
phentin,1
adderal,1
doses,1
sassy,1
y’all,1
ditchin’,1
inners,1
bustin’,1
leecher,1
talkin,1
askin’,1
creepin’,1
tryin,1
comin’,1
masterpiece,1
underwater,1
typin’,1
urban,1
hideout,1
rappin’,1
appearance,1
prices,1
mimic,1
furthest,1
weakest,1
skating,1
‘round,1
rink,1
printing,1
ink,1
blink,1
wink,1
slomie,1
antony,1
we've,1
lightin',1
coolish,1
foolish,1
trailer,1
burgers,1
pickin',1
hulu,1
hu-hulu,1
makin,1
"tinder""",1
hehe,1
pedal,1
roar,1
stomach,1
need'a,1
episode,1
netflix's,1
baelene,1
"""netflix",1
"chill""",1
firing,1
zap,1
fajita,1
ping,1
proper,1
strings,1
teasing,1
playin’,1
slayin’,1
notes,1
load,1
hound,1
groundbound,1
crown-bound,1
where’d,1
tap,1
clappin’,1
‘to,1
birth,1
philip,1
leadership,1
centerfold,1
10%,1
switching,1
snitchin,1
snee,1
cus,1
critique,1
limousine,1
takes,1
extendable,1
hoodwil,1
wil,1
$not,1
"""give",1
"d""",1
mrs.,1
slurpin',1
waking,1
bribe,1
womanize,1
socialize,1
huh-uh,1
improvise,1
